0.00040954641707677264,-0.01031031456383739,0.9340770846134703,0.9340770846134703,0.14015665935152324,-0.9901293404598316
0.1985413877341666,0.017736018228677215,0.9055385138137417,0.9055385138137417,0.1370280707119856,-0.9905671647278397
0.3968249502786083,0.04452699473318827,0.9219544457292888,0.9219544457292888,0.1307730728935321,-0.991412327644751
0.595259654435653,0.07006547325249973,0.9219544457292888,0.9219544457292888,0.12452460090222289,-0.9922165206093588
0.7938443709033689,0.09435350323898067,0.912414379544733,0.912414379544733,0.11827971590300143,-0.9929803164242005
0.9925774206926375,0.11739232529456492,0.9219544457292888,0.9219544457292888,0.11203538192764266,-0.9937042181636985
1.191456575127156,0.13918237117075125,0.9486832980505139,0.9486832980505139,0.10578846958386462,-0.9943886562622805
1.3904790558434363,0.15972326376860332,0.9,0.9,0.09953575963374095,-0.9950339856276941
1.5896415347908068,0.17901381713874992,0.9219544457292888,0.9219544457292888,0.09327394644174118,-0.9956404827623188
1.788940134231409,0.19705203648138436,0.9500000000000001,0.9500000000000001,0.08699964129478134,-0.9962083428754145
1.9883704267402023,0.21383511814626527,0.9,0.9,0.08070937559861292,-0.9967376769694632
2.1879274352049567,0.22935944963271584,0.9013878188659974,0.9013878188659974,0.0743996039568621,-0.997228508884028
2.3876056328262636,0.24362060958962461,0.9340770846134703,0.9340770846134703,0.0680667071409164,-0.9976807722808898
2.587398943117524,0.2566133678154446,0.9,0.9,0.06170699496077273,-0.9980943075546074
2.7873007399049556,0.268331685258194,0.9,0.9,0.05531670904883185,-0.9984688586530913
2.9873038473275955,0.2787687140154559,0.9,0.9,0.048892025570516806,-0.9988040697932763
3.1874005398372898,0.2879167973343783,0.9055385138137417,0.9055385138137417,0.042429057877469416,-0.9990994820575329
3.387582542198703,0.2957674696116741,0.9486832980505139,0.9486832980505139,0.035923859120996736,-0.9993545298570747
3.587841029489312,0.3023114563936209,0.9,0.9,0.029372424845378463,-0.9995685372492987
3.7881666270994128,0.3075386743760616,0.9,0.9,0.022770695582610995,-0.9997407140967522
3.9885494107321167,0.3114382314044039,0.9,0.9,0.016114559472201185,-0.9998701520562642
4.188978906403344,0.3139984264736202,0.9,0.9,0.009399854931710232,-0.9999558203877124
4.3894440904418355,0.31520674972824814,0.9,0.9,0.002622373405886194,-0.9999965615729487
4.589933389489149,0.31504988246239,0.9,0.9,-0.004222137775519582,-0.9999910867365791
4.79043468049965,0.3135136971197132,0.9,0.9,-0.011137972398863126,-0.9999379708616141
4.990935290740528,0.31058325729344993,0.9,0.9,-0.018129462191831668,-0.9998356477944937
5.191421997791778,0.30624281772639733,0.9,0.9,-0.025200973435489864,-0.9996824050356712
5.3918810295462185,0.30047582431091746,0.9,0.9,-0.03235690326569884,-0.9994763783156929
5.592298064221046,0.29326491411166206,0.9500000000000001,0.9500000000000001,-0.03960155626163912,-0.9992155506904685
5.792658254301536,0.2845919624118867,0.9500000000000001,0.9500000000000001,-0.04693832575829659,-0.9988977893533493
5.992946388911396,0.2744384017504668,0.9500000000000001,0.9500000000000001,-0.05436923788737931,-0.9985208991160603
6.1931470049094015,0.26278544021260786,0.9486832980505139,0.9486832980505139,-0.061895714937971476,-0.9980826220670899
6.393244392774319,0.24961407299296953,0.9055385138137417,0.9055385138137417,-0.06951912385181919,-0.9975806190072437
6.5932225966049085,0.23490508239566463,0.9486832980505139,0.9486832980505139,-0.07724080165353853,-0.9970124666020574
6.793065414119918,0.2186390378342599,0.9340770846134703,0.9340770846134703,-0.08506205126075699,-0.9963756557821515
6.992756396658087,0.2007962958317755,0.9013878188659974,0.9013878188659974,-0.09298413702882927,-0.9956675902433522
7.192278849178141,0.18135700002068522,0.9219544457292888,0.9219544457292888,-0.10100828002060129,-0.994885585063569
7.391615830258809,0.1603010811429166,0.9,0.9,-0.10913565299217254,-0.9940268654548388
7.590750152098803,0.13760825704985055,0.9340770846134703,0.9340770846134703,-0.1173673750861628,-0.9930885656704461
7.7896643805168235,0.11325803270232168,0.9013878188659974,0.9013878188659974,-0.12570450622473073,-0.9920677280885598
7.9883408349515665,0.08722970017061832,0.9340770846134703,0.9340770846134703,-0.13414804119550353,-0.990961302495415
8.186761588461719,0.059502338634482205,0.9013878188659974,0.9013878188659974,-0.142698903424626,-0.9897661455926896
8.384908467725959,0.03005481438310892,0.9219544457292888,0.9219544457292888,-0.15135793843241366,-0.9884790207553672
8.582763053042955,-0.0011342191848525592,0.9340770846134703,0.9340770846134703,-0.16012590696858467,-0.9870965980680352
8.780306678331357,-0.03408632156129936,0.912414379544733,0.912414379544733,-0.16900347782572828,-0.9856154546692176
8.977520431129824,-0.06882326512867559,0.9340770846134703,0.9340770846134703,-0.17799122033167783,-0.9840320754349627
9.174385152596994,-0.10536703515997126,0.9340770846134703,0.9340770846134703,-0.18708959652363813,-0.9823428540344874
9.370881437511501,-0.14373982981872277,0.9055385138137417,0.9055385138137417,-0.19629895300942482,-0.9805440943921918
9.566989634271971,-0.18396406015901318,0.912414379544733,0.912414379544733,-0.2056195125240184,-0.978632012591753
9.762689844897006,-0.22606235012547177,0.9219544457292888,0.9219544457292888,-0.21505136519266724,-0.9766027392593009
9.957961925025224,-0.27005753655327414,0.9340770846134703,0.9340770846134703,-0.22459445951534598,-0.9744523224637569
10.152785483915213,-0.31597266916814254,0.9340770846134703,0.9340770846134703,-0.23424859309099655,-0.9721767311733441
10.347139884445564,-0.36383101058634537,0.9219544457292888,0.9219544457292888,-0.24401340310414402,-0.9697718593079171
10.541004243114854,-0.4136560363146974,0.9219544457292888,0.9219544457292888,-0.25388835660099085,-0.9672335304270877
10.734357430041653,-0.46547143475056024,0.9340770846134703,0.9340770846134703,-0.2638727405867415,-0.9645575030941609
10.927178068964519,-0.5193011071818415,0.9340770846134703,0.9340770846134703,-0.2739656738462771,-0.9617394707268467
11.119444532603652,-0.5751691759311055,0.9340770846134703,0.9340770846134703,-0.28417076516536205,-0.9587736835277305
11.311133951638494,-0.633101724411705,0.9192388155425117,0.9192388155425117,-0.29451615717181023,-0.955646500105949
11.50221794383131,-0.6931342960145428,0.9013878188659974,0.9013878188659974,-0.30505897407614185,-0.9523334617326075
11.692660637295438,-0.7553153648916159,0.9192388155425117,0.9192388155425117,-0.3158651893349924,-0.9488040799692893
11.882418616702328,-0.8197064304066952,0.9340770846134703,0.9340770846134703,-0.3270000537421326,-0.9450243197149174
12.071440923281582,-0.8863820171353318,0.9013878188659974,0.9013878188659974,-0.3385275496544341,-0.9409564804628132
12.259669054820893,-0.9554296748648504,0.9192388155425117,0.9192388155425117,-0.3505100445007638,-0.936558972357893
12.447036965666097,-1.0269499785943554,0.9178779875342911,0.9178779875342911,-0.3630078746462602,-0.931786071448165
12.633471066721155,-1.1010565285347258,0.9192388155425117,0.9192388155425117,-0.3760788431529913,-0.9265876665122992
12.81889022544815,-1.1778759501086191,0.894427190999916,0.894427190999916,-0.38977761432292374,-0.9209090136233493
13.00320576586729,-1.2575478939504707,0.894427190999916,0.894427190999916,-0.4041549877936722,-0.9146905191601674
13.186321468556905,-1.3402250359064893,0.873212459828649,0.873212459828649,-0.4192570357251574,-0.9078675773453715
13.368133570653445,-1.4260730770346641,0.894427190999916,0.894427190999916,-0.43512408870652275,-0.9003704945339547
13.54853076585149,-1.515270743604758,0.9178779875342911,0.9178779875342911,-0.45178213077610613,-0.8921283014854989
13.727395377655737,-1.6080066222475082,0.9192388155425117,0.9192388155425117,-0.4684400900317301,-0.8834952643059637
13.904731726926432,-1.7041328881080584,0.9394147114027969,0.9394147114027969,-0.48079453232559416,-0.8768332895629666
14.08111270883679,-1.8019606621373663,0.9394147114027969,0.9394147114027969,-0.4808818836940023,-0.8767853864743116
14.257848974717067,-1.8978036425502887,0.9192388155425117,0.9192388155425117,-0.45992011152869655,-0.8879602981054002
14.436905859141612,-1.9862441551251542,0.9617692030835672,0.9617692030835672,-0.4162885150396979,-0.9092325732429757
14.61983447864012,-2.0635372648693333,0.9617692030835672,0.9617692030835672,-0.365326481097391,-0.9308794563255748
14.806602969399,-2.131332913335936,0.9340770846134703,0.9340770846134703,-0.3348615678357732,-0.9422673348824991
14.995478695210577,-2.1970331493731825,0.9178779875342911,0.9178779875342911,-0.3494121819841097,-0.9369691174639126
15.183178391573607,-2.271764478785781,0.9178779875342911,0.9178779875342911,-0.4112688599160239,-0.9115140837438409
15.36534672685471,-2.363915051042641,0.9340770846134703,0.9340770846134703,-0.5018391004575377,-0.8649609917516335
15.536722787389245,-2.4768863319789807,0.982344135219425,0.982344135219425,-0.6014327609755122,-0.7989234218780749
15.691302833542125,-2.609296117404416,0.9899494936611666,0.9899494936611666,-0.6987417038804203,-0.7153740498915843
15.824114215991987,-2.75759595030095,1.0,1.0,-0.7880585026823443,-0.6156003544102794
15.932997480860141,-2.9187006206786803,1.0062305898749055,1.0062305898749055,-0.8630891679194568,-0.5050515698620287
16.018758955710798,-3.0902268665650086,1.0295630140987002,1.0295630140987002,-0.9184143451040708,-0.39561988158718814
16.084485729118633,-3.270373999066828,0.9962429422585638,0.9962429422585638,-0.9544529643747607,-0.29836142310330904
16.13359454133162,-3.457583892723031,0.9962429422585638,0.9962429422585638,-0.9760337159754295,-0.2176193586958537
16.16922531874887,-3.650435299921175,1.004987562112089,1.004987562112089,-0.9881303219146838,-0.15361792510245478
16.194234334503516,-3.8476426590279433,0.982344135219425,0.982344135219425,-0.9944757109815198,-0.1049669484542669
16.2111942084627,-4.048056094389151,1.0,1.0,-0.9975678801585036,-0.0697016820175048
16.222393907227605,-4.250661416329725,0.9617692030835672,0.9617692030835672,-0.9989499348738817,-0.04581514613604829
16.229838744133435,-4.454580121153729,0.9500000000000001,0.9500000000000001,-0.9995048890108816,-0.03146389745955085
16.235250379249415,-4.659069391144347,0.9340770846134703,0.9340770846134703,-0.9996873699221135,-0.025003248153137696
16.240066819378804,-4.8635220945638915,0.9013878188659974,0.9013878188659974,-0.9996887399293408,-0.024948411943182452
16.24544241805888,-5.067466785653791,0.9,0.9,-0.9995525318064218,-0.029912140668498906
16.25224787556094,-5.270567704634617,0.9340770846134703,0.9340770846134703,-0.9992569231183264,-0.03854350269624079
16.26107023889032,-5.472624777706046,0.9013878188659974,0.9013878188659974,-0.9987751343939885,-0.049479601011632714
16.272212901786375,-5.673573617046895,0.9,0.9,-0.9981181545875129,-0.061320057752890234
16.28569733315906,-5.873484639636131,0.9,0.9,-0.9973458202411505,-0.07281012874254984
16.301337900591825,-6.072524921278952,0.9219544457292888,0.9219544457292888,-0.9965239413208734,-0.08330686871028328
16.318917621930073,-6.270868596210415,0.9,0.9,-0.995691048236255,-0.09273260732982677
16.33823282428662,-6.468674089366149,0.9,0.9,-0.9948727864154426,-0.10113426150406675
16.359093427040076,-6.666083972106203,0.9340770846134703,0.9340770846134703,-0.9940890758156737,-0.10856753356293768
16.381322941834846,-6.8632249622149955,0.9055385138137417,0.9055385138137417,-0.9933545233824087,-0.11509470394291661
16.404758472581136,-7.06020792390136,0.9340770846134703,0.9340770846134703,-0.9926788989627383,-0.12078329170098627
16.42925071545497,-7.257127867798513,0.9055385138137417,0.9055385138137417,-0.9920676821692311,-0.12570486862237848
16.454663958898152,-7.454063950964072,0.9219544457292888,0.9219544457292888,-0.9915226407257124,-0.12993403298716613
16.480876083618305,-7.651079476880051,0.9,0.9,-0.9910424077555666,-0.1335475422089421
16.507778562588843,-7.848221895452851,0.9219544457292888,0.9219544457292888,-0.9906230323256104,-0.13662359908161026
16.53527646104899,-8.045522803013279,0.9,0.9,-0.9902584838731602,-0.13924128381062162
16.563288436503765,-8.242997942316528,0.9055385138137417,0.9055385138137417,-0.9899410966425926,-0.14148012290799436
16.591746738723987,-8.440647202542191,0.8860022573334675,0.8860022573334675,-0.9896619972558622,-0.14341942402456417
16.620597088707445,-8.63845480309866,0.9013878188659974,0.9013878188659974,-0.9894129453210093,-0.14512761153965656
16.649795176912757,-8.836394611255946,0.8631338250816034,0.8631338250816034,-0.9891895417107597,-0.14664259466491048
16.679300023956092,-9.03444022430848,0.9,0.9,-0.9889906269952832,-0.14797817310494338
16.709072649664876,-9.232566990693536,0.9055385138137417,0.9055385138137417,-0.9888155041370613,-0.1491438861575263
16.73907606953886,-9.430752015365178,0.8860022573334675,0.8860022573334675,-0.9886633754818733,-0.15014902590689166
16.76927529475019,-9.628974159794279,0.9013878188659974,0.9013878188659974,-0.9885333535234857,-0.15100267869018463
16.79963733214336,-9.8272140419685,0.8631338250816034,0.8631338250816034,-0.9884244720114155,-0.1517137539215035
16.830131184235217,-10.025454036392311,0.9,0.9,-0.9883356960002613,-0.1522910109352456
16.860727849214975,-10.223678274086993,0.9055385138137417,0.9055385138137417,-0.9882659309710493,-0.1527430839086508
16.8914003209442,-10.4218726425906,0.873212459828649,0.873212459828649,-0.9882140311356995,-0.15307850491342923
16.922123588956843,-10.620024785958025,0.9,0.9,-0.9881788070185074,-0.1533057251360158
16.95287463845918,-10.818124104760924,0.912414379544733,0.912414379544733,-0.9881590323929503,-0.1534331342970877
16.983632450329868,-11.016161756087778,0.8860022573334675,0.8860022573334675,-0.9881534506383055,-0.1534690782913936
17.014378001119923,-11.214130653543863,0.9013878188659974,0.9013878188659974,-0.9881607805679903,-0.15342187506108812
17.045094263052725,-11.41202546725126,0.873212459828649,0.873212459828649,-0.9881797217702333,-0.1532998287086597
17.075766204023992,-11.609842623848833,0.9,0.9,-0.9882089594916084,-0.15311124184890157
17.106380787601836,-11.80758030649227,0.912414379544733,0.912414379544733,-0.9882471690849797,-0.15286442619368212
17.1369269730267,-12.005238454854048,0.8860022573334675,0.8860022573334675,-0.9882930200353639,-0.1525677113591855
17.167395715211395,-12.202818765123443,0.9013878188659974,0.9013878188659974,-0.9883451795702387,-0.15222945188192918
17.197779964741105,-12.40032469000655,0.873212459828649,0.873212459828649,-0.9884023158549505,-0.15185803242690424
17.22807466787336,-12.59776143872623,0.9013878188659974,0.9013878188659974,-0.9884631007687591,-0.1514618711709647
17.258276766538053,-12.795135977022177,0.912414379544733,0.912414379544733,-0.9885262122531676,-0.15104942134415963
17.28838519833744,-12.992457027150877,0.9,0.9,-0.9885903362212894,-0.15062917091280104
17.318400896546137,-13.189735067885614,0.9055385138137417,0.9055385138137417,-0.9886541680150998,-0.150209640390925
17.348326790111116,-13.386982334516464,0.873212459828649,0.873212459828649,-0.9887164133966914,-0.14979937877035057
17.378167803651714,-13.584212818850324,0.9,0.9,-0.9887757890600737,-0.1494069575643269
17.40793085745963,-13.781442269210878,0.912414379544733,0.912414379544733,-0.9888310226515793,-0.14904096296599778
17.437624867498915,-13.978688190438612,0.8860022573334675,0.8860022573334675,-0.9888808664058415,-0.14870989226151823
17.46726068525302,-14.175969698555402,0.9013878188659974,0.9013878188659974,-0.9889243108362783,-0.1484207109435605
17.496850181768526,-14.373305307724952,0.873212459828649,0.873212459828649,-0.9889608394587867,-0.14817711704906367
17.52640508909212,-14.570710131051719,0.9,0.9,-0.9889902438035189,-0.14798073408878698
17.55593685745748,-14.768195535530522,0.912414379544733,0.912414379544733,-0.9890123492613867,-0.14783292261358033
17.585456655272512,-14.965769142015695,0.8860022573334675,0.8860022573334675,-0.9890269796514571,-0.14773501115685514
17.614975369119353,-15.163434825221074,0.9013878188659974,0.9013878188659974,-0.989033955236798,-0.14768830484725398
17.64450360375435,-15.36119271372001,0.873212459828649,0.873212459828649,-0.9890330906775255,-0.14769409448201223
17.674051682108093,-15.559039189945368,0.9,0.9,-0.9890241929122732,-0.14775366606019186
17.70362964528538,-15.756966890189505,0.9055385138137417,0.9055385138137417,-0.9890070589594431,-0.1478683107646556
17.733247252565235,-15.954964704604308,0.8860022573334675,0.8860022573334675,-0.9889814736266646,-0.14803933539174993
17.76291398140091,-16.15301777720115,0.9013878188659974,0.9013878188659974,-0.9889472071138165,-0.14826807323824745
17.792639027419884,-16.351107505850926,0.8631338250816034,0.8631338250816034,-0.9889040124916685,-0.14855589546658157
17.82243130442387,-16.549211542284052,0.9,0.9,-0.988851623034667,-0.14890422298143496
17.852299444388787,-16.747303792090438,0.912414379544733,0.912414379544733,-0.9887879292061119,-0.14932659192618378
17.88225666064868,-16.945353912725274,0.9,0.9,-0.9886878700441363,-0.1499876515836856
17.912376817308566,-17.143321525835418,0.9055385138137417,0.9055385138137417,-0.988482497100914,-0.15133523358802317
17.942852500470913,-17.3411502229518,0.873212459828649,0.873212459828649,-0.9880746911559007,-0.15397533795115156
17.974000549032997,-17.538766994581902,0.9,0.9,-0.9873545112500098,-0.15852781810853936
18.00626205468722,-17.73608223020971,0.912414379544733,0.912414379544733,-0.9861911467687957,-0.1656110564994007
18.040202361921125,-17.932989718295715,0.8860022573334675,0.8860022573334675,-0.9844190612399364,-0.17583831171699277
18.076511068007747,-18.12936664627785,0.9013878188659974,0.9013878188659974,-0.9818280516471427,-0.18977269824391424
18.115986604300907,-18.325075069507097,0.9219544457292888,0.9219544457292888,-0.9782277907961878,-0.207534067839499
18.159380221450366,-18.51997677473164,0.9219544457292888,0.9219544457292888,-0.9735489636366562,-0.2284784790784302
18.20724952376418,-18.71394723383652,0.912414379544733,0.912414379544733,-0.9678395510616716,-0.25156828774855927
18.25994623881224,-18.906876769030042,0.9192388155425117,0.9192388155425117,-0.9612292134247483,-0.2757506106227868
18.317616217426238,-19.098670552843757,0.9192388155425117,0.9192388155425117,-0.953937191866616,-0.3000063898880073
18.380199433699723,-19.289248608132457,0.9192388155425117,0.9192388155425117,-0.9462734502329846,-0.3233675267929097
18.447429985075765,-19.478545808160067,0.9013878188659974,0.9013878188659974,-0.9386269545175252,-0.3449339650616559
18.51884076846149,-19.666516453571866,0.9192388155425117,0.9192388155425117,-0.9314271288952027,-0.3639278823586335
18.593805550212238,-19.853175450417385,0.894427190999916,0.894427190999916,-0.9251067801715233,-0.37970705192381776
18.671575043181644,-20.038633622300516,0.9192388155425117,0.9192388155425117,-0.9201015931287251,-0.3916797905457749
18.751279565999127,-20.22310031327538,0.9340770846134703,0.9340770846134703,-0.9168464949760176,-0.3992399086391432
18.831929043069866,-20.406883387846342,0.894427190999916,0.894427190999916,-0.9157498618262123,-0.4017489148277479
18.9124130045748,-20.590389230967965,0.9178779875342911,0.9178779875342911,-0.9171592903481275,-0.3985208101569091
18.991500589845888,-20.774122746170505,0.873212459828649,0.873212459828649,-0.9212849261701904,-0.38888826777313146
19.067870239060436,-20.95867086521689,0.8860022573334675,0.8860022573334675,-0.9279006520818748,-0.372827547085823
19.140345713650493,-21.14457146573818,0.8860022573334675,0.8860022573334675,-0.9362205607114877,-0.3514129503889512
19.208079701244003,-21.332211399671486,0.9192388155425117,0.9192388155425117,-0.9452693059573507,-0.3262911877677797
19.27056559458727,-21.521819951414606,0.9013878188659974,0.9013878188659974,-0.9541839266912834,-0.2992207112550928
19.327637491544973,-21.71346883782608,0.8860022573334675,0.8860022573334675,-0.9622904679556734,-0.2720239976208919
19.379470195100172,-21.907072208225188,0.8860022573334675,0.8860022573334675,-0.9691302561696821,-0.24654927819096598
19.426579202563385,-22.102386649505377,0.873212459828649,0.873212459828649,-0.9744638298184626,-0.22454452648758666
19.4697878132718,-22.299026772784444,0.9013878188659974,0.9013878188659974,-0.9783359849481256,-0.20702342996767545
19.509992762915942,-22.496576272092014,0.9055385138137417,0.9055385138137417,-0.9810162591051871,-0.19392549953851984
19.547997258353234,-22.69466704403841,0.8631338250816034,0.8631338250816034,-0.9827901669181109,-0.18472543898735658
19.584501572964825,-22.892983644385893,0.8860022573334675,0.8860022573334675,-0.983871053889373,-0.1788791472436475
19.62010304665562,-23.09126328804868,0.9013878188659974,0.9013878188659974,-0.9844170524895758,-0.17584955720085213
19.65529608585423,-23.289295849092905,0.912414379544733,0.912414379544733,-0.9845498722871747,-0.17510439451740778
19.690472163513046,-23.486923860736674,0.8860022573334675,0.8860022573334675,-0.9843700172682209,-0.17611266025860395
19.7259198191082,-23.68404251535003,0.9013878188659974,0.9013878188659974,-0.9839687038375493,-0.17834121752487048
19.76182465863955,-23.880599664454962,0.9055385138137417,0.9055385138137417,-0.9834366318659217,-0.18125228579030836
19.79826935463071,-24.076595818725387,0.873212459828649,0.873212459828649,-0.9828696189205107,-0.1843022305970548
19.83523364612903,-24.272084147987186,0.9,0.9,-0.9823710011605175,-0.1869417451477399
19.8725943387056,-24.467170481218172,0.9055385138137417,0.9055385138137417,-0.9820506592596787,-0.18861734450370787
19.910125304455264,-24.66201330654812,0.912414379544733,0.912414379544733,-0.9820205348140809,-0.18877412217638948
19.947497512560716,-24.85682375572654,0.8860022573334675,0.8860022573334675,-0.9823756068784677,-0.1869175406701101
19.984300769620827,-25.051854556043892,0.9013878188659974,0.9013878188659974,-0.9831224905824323,-0.1829485406090884
20.020167827438662,-25.247336960786058,0.9219544457292888,0.9219544457292888,-0.984156508906793,-0.17730190629655843
20.054847927032284,-25.44344337537237,0.9219544457292888,0.9219544457292888,-0.9853371461479743,-0.1706186051430659
20.088209898182782,-25.640285782216125,0.9013878188659974,0.9013878188659974,-0.9865359678803651,-0.16354444068310972
20.120242159434245,-25.837915740724526,0.912414379544733,0.912414379544733,-0.9876434235268448,-0.1567177972158027
20.151052718093766,-26.036324387298727,0.9340770846134703,0.9340770846134703,-0.9885692896986763,-0.1507672360450192
20.180869170231457,-26.23544243533381,0.9013878188659974,0.9013878188659974,-0.989238614437509,-0.1463111879035818
20.210038700680453,-26.435140175218805,0.9055385138137417,0.9055385138137417,-0.9895834908962504,-0.14396011442615156
20.23902808303687,-26.63522747433665,0.873212459828649,0.873212459828649,-0.9895308941446187,-0.14432120264656698
20.268423679659865,-26.835453777064238,0.9,0.9,-0.988986581541544,-0.1480052077826018
20.298931441671574,-27.035508104772383,0.8558621384311845,0.8558621384311845,-0.9878147168756661,-0.15563445994974084
20.331376908957175,-27.235019055825852,0.873212459828649,0.873212459828649,-0.9858125083440691,-0.16785022607186048
20.366705210164838,-27.433554805583327,0.8860022573334675,0.8860022573334675,-0.9826789710016794,-0.1853160542184093
20.4059809195694,-27.630623164116532,0.9013878188659974,0.9013878188659974,-0.9779974291389945,-0.20861694225905417
20.45035095449092,-27.825686537663557,0.912414379544733,0.912414379544733,-0.9713141456552519,-0.23779997992011745
20.500875945120566,-28.01822992800745,0.9340770846134703,0.9340770846134703,-0.9622365372156233,-0.2722147065227858
20.558448344524976,-28.207793954257934,0.9219544457292888,0.9219544457292888,-0.9504399980311529,-0.3109080412960431
20.623789989791472,-28.393975836308936,0.912414379544733,0.912414379544733,-0.9356888509489658,-0.35282626632636627
20.69745210202807,-28.57642939483862,0.9192388155425117,0.9192388155425117,-0.917889374871643,-0.39683635858845434
20.77981528636345,-28.754865051309366,0.9178779875342911,0.9178779875342911,-0.8971306698527838,-0.44176527841094015
20.871089531946993,-28.929049827967756,0.894427190999916,0.894427190999916,-0.8737041004592812,-0.4864577523697595
20.971314211948744,-29.098807347844588,0.890224690738243,0.890224690738243,-0.8480966656367205,-0.5298415288894187
21.08035808355943,-29.26401783475489,0.9300537618869138,0.9300537618869138,-0.8209594061781088,-0.570986561494828
21.197919287990487,-29.424618113297882,0.9219544457292888,0.9219544457292888,-0.7930580529427723,-0.6091460618461051
21.323525350473993,-29.580601608857,0.9192388155425117,0.9192388155425117,-0.7652170790421342,-0.6437723370433247
21.456533180262728,-29.732018347599908,0.9192388155425117,0.9192388155425117,-0.7382687608137616,-0.6745066617955029
21.59612907063017,-29.87897495647849,0.9192388155425117,0.9192388155425117,-0.7130145908187784,-0.7011491947364198
21.741329374467725,-30.021634086164877,0.9192388155425117,0.9192388155425117,-0.6900092393811428,-0.7238005592486487
21.891065397356662,-30.160141899319306,0.9192388155425117,0.9192388155425117,-0.6688042729492607,-0.7434385277108059
22.04449339638714,-30.294363283948744,0.95524865872714,0.95524865872714,-0.6477775385876805,-0.7618295481938766
22.20111758920835,-30.423776784770467,0.9192388155425117,0.9192388155425117,-0.6248001781902847,-0.7807846933267766
22.36079261065765,-30.547472504873177,0.9013878188659974,0.9013878188659974,-0.5974849664482706,-0.8018801125282438
22.523723512760565,-30.664152105716987,0.9192388155425117,0.9192388155425117,-0.5631300169931152,-0.8263683101144028
22.690465764730767,-30.772128807133445,0.9013878188659974,0.9013878188659974,-0.5186849418835007,-0.8549654560643427
22.861923412305636,-30.86932904473397,0.894427190999916,0.894427190999916,-0.4613441425211583,-0.8872212701245485
23.039172112272844,-30.953451816754146,0.9178779875342911,0.9178779875342911,-0.39063328546429676,-0.920546379215827
23.222872005726693,-31.02249735663575,0.8860022573334675,0.8860022573334675,-0.30907360120548943,-0.9510381217584656
23.413055276084947,-31.07495842435032,0.873212459828649,0.873212459828649,-0.220520777530259,-0.9753822772008163
23.60912268490397,-31.10982342569065,0.9,0.9,-0.12900249935101962,-0.9916442684557755
23.809843571878762,-31.12657641227087,0.8558621384311845,0.8558621384311845,-0.03800417864169083,-0.9992775802577433
24.01335585484297,-31.125197081526395,0.8500000000000001,0.8500000000000001,0.050060282493256725,-0.9987461980486811
24.217169929851433,-31.106159941512935,0.873212459828649,0.873212459828649,0.13411266851099307,-0.9909660903102894
24.418456477719303,-31.07037267726005,0.8558621384311845,0.8558621384311845,0.21407910963975563,-0.9768163260387541
24.61490701879971,-31.018991863335895,0.8544003745317531,0.8544003745317531,0.28971478524911803,-0.9571130253047743
24.80501485652733,-30.953362799908362,0.873212459828649,0.873212459828649,0.3599492914931487,-0.9329718685756716
24.98807866550972,-30.875018744356794,0.8500000000000001,0.8500000000000001,0.42301181066126187,-0.9061241681144372
25.164202491527234,-30.78568091127204,0.8746427842267951,0.8746427842267951,0.47672677122129886,-0.8790515261353656
25.334295751533134,-30.68725847245645,0.8746427842267951,0.8746427842267951,0.5188220087116691,-0.85488228621044
25.500068106070053,-30.58184644703635,0.9013878188659974,0.9013878188659974,0.5477154644167952,-0.8366646700074615
25.663724974003113,-30.47160041248841,0.9013878188659974,0.9013878188659974,0.5641106756203786,-0.8256991859334245
25.827137909785872,-30.35839513317732,0.9013878188659974,0.9013878188659974,0.5707126204591761,-0.8211498674715964
25.991598176726693,-30.243723161188495,0.8602325267042628,0.8602325267042628,0.5705046204385043,-0.8212943918342059
26.1578142824584,-30.128693822228147,0.890224690738243,0.890224690738243,0.5662763508524951,-0.8242154417779262
26.325911978938233,-30.01403321562329,0.890224690738243,0.890224690738243,0.5606788442031543,-0.8280333529894887
26.49543426244785,-29.900084214321712,0.890224690738243,0.890224690738243,0.5562814142080951,-0.8309939760351105
26.665347169478057,-29.78680956145626,0.8746427842267951,0.8746427842267951,0.5550665562861042,-0.831805937759935
26.834322643852058,-29.673942997611988,0.8746427842267951,0.8746427842267951,0.55705914813844,-0.8304728204313947
27.001442797356464,-29.561365525778193,0.9178779875342911,0.9178779875342911,0.5604836073158601,-0.8281655184383135
27.16639031760007,-29.44920714045358,0.8746427842267951,0.8746427842267951,0.5631247371832511,-0.8263719080246463
27.3294499272285,-29.337847607260187,0.8746427842267951,0.8746427842267951,0.5626757792658528,-0.8266776683977651
27.49150838392425,-29.227916462943295,0.8746427842267951,0.8746427842267951,0.5567387043060331,-0.8306876760417476
27.654054480406625,-29.120293015371495,0.9013878188659974,0.9013878188659974,0.5428802619977635,-0.8398101101637439
27.81916965859761,-29.01610567799512,0.9013878188659974,0.9013878188659974,0.5192316448992906,-0.8546335465772315
27.989151394082405,-28.91670526435776,0.9013878188659974,0.9013878188659974,0.4856535665830374,-0.8741513674788682
28.16566165764192,-28.823604606225736,0.9300537618869138,0.9300537618869138,0.44334411991380135,-0.8963514887240702
28.349519263230153,-28.738463829159226,0.9178779875342911,0.9178779875342911,0.39347227450638117,-0.9193364831196329
28.540698716478687,-28.6630902708608,0.9340770846134703,0.9340770846134703,0.33668924803945594,-0.9416158188213629
28.738330214696703,-28.599438481175333,0.9192388155425117,0.9192388155425117,0.2729286103272533,-0.96203428923549
28.940699646871007,-28.549610222090042,0.9219544457292888,0.9219544457292888,0.20121995247925806,-0.9795460840227197
29.145261334137743,-28.51584602763809,0.912414379544733,0.912414379544733,0.12002282434547956,-0.9927711325558042
29.349069029559715,-28.500239682315847,0.9,0.9,0.02891464689040534,-0.9995818841871851
29.549667035534675,-28.504147888404738,0.9,0.9,-0.07004168955188265,-0.9975440650541296
29.745287154137266,-28.52805979357578,0.9,0.9,-0.17248371636627208,-0.9850123692565893
29.93484945983098,-28.571596478996284,0.873212459828649,0.873212459828649,-0.27226764745780957,-0.9622215587627363
30.117962299468065,-28.633510959329833,0.894427190999916,0.894427190999916,-0.3625887488793969,-0.9319492471084859
30.29492229228962,-28.711688182736285,0.8746427842267951,0.8746427842267951,-0.43744536902202874,-0.8992449883770168
30.466704726069988,-28.803159677388138,0.9178779875342911,0.9178779875342911,-0.49360786369218784,-0.8696845847209403
30.63468532609058,-28.904527872231164,0.9178779875342911,0.9178779875342911,-0.5322462902421111,-0.8465895620213555
30.80011232006238,-29.01277123297748,0.9178779875342911,0.9178779875342911,-0.5570279109194379,-0.8304937726778732
30.964000511378295,-29.1254058074183,0.9178779875342911,0.9178779875342911,-0.5714418299547216,-0.8206425744366417
31.12713099639228,-29.240485656591947,0.9013878188659974,0.9013878188659974,-0.5784246043135279,-0.815735850091645
31.290051164419385,-29.356602854783905,0.9300537618869138,0.9300537618869138,-0.5805513696701838,-0.8142236223385279
31.45307469773567,-29.47288748952673,0.9013878188659974,0.9013878188659974,-0.5801991604005834,-0.8144746369718692
31.61628540266856,-29.588999079950376,0.9013878188659974,0.9013878188659974,-0.5792621069995886,-0.815141344427086
31.779620496215074,-29.704940014591557,0.9300537618869138,0.9300537618869138,-0.5785701301337409,-0.8156326406643043
31.943003791298768,-29.82075721615359,0.9300537618869138,0.9300537618869138,-0.5781956359261663,-0.8158981594512493
32.106367587104344,-29.936493107113314,0.890224690738243,0.890224690738243,-0.5781039031372854,-0.8159631592035489
32.26965269066879,-30.05218556135686,0.9300537618869138,0.9300537618869138,-0.5782600864823971,-0.8158524819974323
32.43280841688141,-30.167867904179708,0.9219544457292888,0.9219544457292888,-0.5786293006712481,-0.8155906647361177
32.59579258848378,-30.28356891228663,0.9178779875342911,0.9178779875342911,-0.5791766017968851,-0.8152021000531171
32.75857153606978,-30.39931281379167,0.8845903006477066,0.8845903006477066,-0.5798669728029634,-0.814711172043398
32.92112009808561,-30.515119288218248,0.9178779875342911,0.9178779875342911,-0.5806653136891824,-0.8141423668365647
33.083421620829725,-30.631003466499045,0.9178779875342911,0.9178779875342911,-0.5815364367793725,-0.8135203578878348
33.2454679584529,-30.74697593097606,0.9013878188659974,0.9013878188659974,-0.5824450671027188,-0.8128700657594111
33.40725947295823,-30.86304271540062,0.9178779875342911,0.9178779875342911,-0.58335584772486,-0.8122166920995959
33.568805034201056,-30.97920530493334,0.9013878188659974,0.9013878188659974,-0.5842333497142587,-0.8115857274999707
33.73012201988905,-31.095460636144153,0.9013878188659974,0.9013878188659974,-0.585042086342581,-0.8110029329218976
33.89123631558216,-31.211801097012284,0.9300537618869138,0.9300537618869138,-0.5857465310983022,-0.8104942944316793
34.052182314692644,-31.328214526926295,0.9013878188659974,0.9013878188659974,-0.5863111391443908,-0.8100859510664327
34.21300291848508,-31.444684216684063,0.890224690738243,0.890224690738243,-0.5867003719770748,-0.8098040957675888
34.37374953607628,-31.561188908492724,0.9300537618869138,0.9300537618869138,-0.5868787252428534,-0.809674849465712
34.53448208443541,-31.677702795968777,0.9219544457292888,0.9219544457292888,-0.5868107599459339,-0.80972410857753
34.69526898838391,-31.794195524138,0.9178779875342911,0.9178779875342911,-0.5864611376249165,-0.8099773663848199
34.8561871805955,-31.910632189435486,0.9219544457292888,0.9219544457292888,-0.5857946604878502,-0.8104595090095027
35.01732210159623,-32.026973339705656,0.9178779875342911,0.9178779875342911,-0.5847763179597043,-0.8111945869848312
35.178767699764414,-32.14317497420219,0.9178779875342911,0.9178779875342911,-0.5833713416006412,-0.8122055637577645
35.34062643133071,-32.259188543588145,0.9178779875342911,0.9178779875342911,-0.5815452708755897,-0.8135140428549694
35.503009260378015,-32.37496094993583,0.9178779875342911,0.9178779875342911,-0.5792640327721987,-0.8151399759160932
35.66603565884153,-32.49043454672688,0.9178779875342911,0.9178779875342911,-0.5764940387417888,-0.8171013543589197
35.82983360650883,-32.60554713885229,0.9219544457292888,0.9219544457292888,-0.5732023028421559,-0.8194138881032279
35.994539591017684,-32.72023198261358,0.9300537618869138,0.9300537618869138,-0.5693795470267048,-0.8220747724067833
36.160288599250805,-32.8344245115629,0.9013878188659974,0.9013878188659974,-0.5652771891575538,-0.8249010240132663
36.32711066313189,-32.9481318583165,0.9013878188659974,0.9013878188659974,-0.5616080699992746,-0.8274033935824109
36.4948321500013,-33.061499187984296,0.9300537618869138,0.9300537618869138,-0.5593249438471511,-0.8289484948960226
36.66306733698575,-33.174815360241375,0.9013878188659974,0.9013878188659974,-0.5593933146802489,-0.8289023582371111
36.83121841099824,-33.288512929327936,0.890224690738243,0.890224690738243,-0.5627738019505122,-0.8266109410346355
36.99847546873807,-33.40316814404933,0.9300537618869138,0.9300537618869138,-0.570424318008964,-0.8213501673610399
37.16381651669091,-33.51950094777612,0.890224690738243,0.890224690738243,-0.5832978522485573,-0.8122583428701857
37.326007471128655,-33.63837497844393,0.890224690738243,0.890224690738243,-0.6023257424358516,-0.7982503993103294
37.48360215810963,-33.760797568553606,0.9219544457292888,0.9219544457292888,-0.628368302518871,-0.7779159828603296
37.63494231347842,-33.887919745171146,0.9178779875342911,0.9178779875342911,-0.6621033166867486,-0.749412568637868
37.7781575828659,-34.021036229927645,0.9192388155425117,0.9192388155425117,-0.7038104396878309,-0.710387827166557
37.911165521689306,-34.1615854390194,0.9192388155425117,0.9192388155425117,-0.7530075515579872,-0.6580118747383252
38.03167159515216,-34.311149483207814,0.8845903006477066,0.8845903006477066,-0.8079358580497491,-0.5892704381499344
38.137169180232846,-34.471454130822494,0.8602325267042628,0.8602325267042628,-0.8649065611265547,-0.5019329044008145
38.22494887688109,-34.644195568886566,0.873212459828649,0.873212459828649,-0.9177986862819543,-0.39704605710058233
38.29216815005692,-34.82974468259986,0.8631338250816034,0.8631338250816034,-0.9603103403571135,-0.2789337738661361
38.335902928323236,-35.0261870410112,0.9,0.9,-0.9885503295601206,-0.15089150382502303
38.35315068568881,-35.22926555798473,0.95524865872714,0.95524865872714,-0.9999264281210378,-0.012130059567165655
38.34083044160836,-35.432380492200096,0.9486832980505139,0.9486832980505139,-0.9897365688044008,0.14290389907658832
38.29578276098244,-35.62658944715224,0.9861541461658011,0.9861541461658011,-0.9460949575094852,0.32388938138680207
38.214770132170955,-35.800608133965184,1.063014581273465,1.063014581273465,-0.843415075220965,0.5372625158058338
38.09497770579674,-35.941820839147226,1.0259142264341596,1.0259142264341596,-0.6572976387055035,0.7536310862432424
37.93719536750812,-36.04270170031023,0.982344135219425,0.982344135219425,-0.42540939214450035,0.9050010215879575
37.7478812459629,-36.10497876988009,0.9486832980505139,0.9486832980505139,-0.23665817573144,0.9715929743773711
37.53913122062162,-36.13966116513821,0.9192388155425117,0.9192388155425117,-0.13413393998661385,0.9909632112968007
37.32507726160441,-36.16220830536388,0.9013878188659974,0.9013878188659974,-0.10319248826427002,0.994661404884008
37.11525685201261,-36.18363658289689,0.8558621384311845,0.8558621384311845,-0.11243017926059094,0.993659627232299
36.913328811329876,-36.208796644877665,0.8631338250816034,0.8631338250816034,-0.13314565956710475,0.9910964803380349
36.71772290145062,-36.23704199911816,0.8500000000000001,0.8500000000000001,-0.14590686895483454,0.989298329924698
36.525320159744524,-36.26602218116712,0.873212459828649,0.873212459828649,-0.14644793195058362,0.9892183799482283
36.33361140315752,-36.29390743520762,0.8500000000000001,0.8500000000000001,-0.13769794724810283,0.9904742678755762
36.14078666029859,-36.31948088801006,0.9,0.9,-0.12339633619837449,0.9923574679584055
35.945735171439786,-36.34213854893206,0.9,0.9,-0.10735649474893683,0.9942205907318664
35.74804538851622,-36.36188930991848,0.912414379544733,0.912414379544733,-0.09316446229089766,0.9956507334231457
35.54800471081041,-36.37935475664162,0.9,0.9,-0.08389664793364264,0.9964744615219692
35.346498406861414,-36.3956969457883,0.9,0.9,-0.081271423362973,0.9966920064616533
35.144503424204345,-36.41225672001512,0.9219544457292888,0.9219544457292888,-0.08555888240183165,0.9963331158012111
34.94282049445958,-36.43036229062895,0.9,0.9,-0.09661868886806738,0.9953214701599759
34.74206481767383,-36.45132258132586,0.9500000000000001,0.9500000000000001,-0.11436261899195,0.9934390728058274
34.54266606232017,-36.4764272281912,0.912414379544733,0.912414379544733,-0.13868818116186582,0.9903360987089249
34.34486836529805,-36.5069465796995,0.9486832980505139,0.9486832980505139,-0.16938364446637758,0.9855501920182898
34.14873075126255,-36.544131744116754,0.9055385138137417,0.9055385138137417,-0.2061076422595853,0.9785293249577116
33.95423162161512,-36.58922640123058,0.9219544457292888,0.9219544457292888,-0.24874975165696578,0.9685677885675312
33.76173865757946,-36.64351992151965,0.9219544457292888,0.9219544457292888,-0.29775705184534,0.9546416804625553
33.57223485568082,-36.708372917841864,0.9486832980505139,0.9486832980505139,-0.3539534820386486,0.9352630285394137
33.38732514193639,-36.78521799312113,0.9340770846134703,0.9340770846134703,-0.41833413180097634,0.9082932093604594
33.209236371855205,-36.87555974034732,0.9394147114027969,0.9394147114027969,-0.49187539949162873,0.8706656024990023
33.040817330438216,-36.9809747425763,0.9300537618869138,0.9300537618869138,-0.5750920735758493,0.818088691347234
32.88553778178136,-37.103110243548365,0.9219544457292888,0.9219544457292888,-0.6666146591218356,0.7454025061964031
32.74732060082139,-37.243449339509496,0.9178779875342911,0.9178779875342911,-0.7602783573591877,0.6495974286673365
32.62985768732668,-37.40235410388851,0.9300537618869138,0.9300537618869138,-0.8462755997133549,0.5327453512981615
32.53630915619833,-37.578644825325796,0.9300537618869138,0.9300537618869138,-0.916252397176486,0.40060147861477374
32.46929592575311,-37.769589640425636,0.9013878188659974,0.9013878188659974,-0.9657386069818519,0.2595167489484102
32.430899717723605,-37.97090453375623,0.9055385138137417,0.9055385138137417,-0.9935051511777505,0.11378714594924642
32.42266305725806,-38.17675333784966,0.9,0.9,-0.999355229334719,-0.03590439529293385
32.445588636978485,-38.3797527583503,0.912414379544733,0.912414379544733,-0.9813211706197229,-0.19237661004793863
32.5000631326804,-38.571574374568094,0.873212459828649,0.873212459828649,-0.9337952893867051,-0.3578077102567799
32.58558354508841,-38.74510705895315,0.9013878188659974,0.9013878188659974,-0.8500482191345702,-0.5267048748076533
32.70065029803871,-38.89530170433004,0.8845903006477066,0.8845903006477066,-0.7292302291593482,-0.6842684216593693
32.84276517368571,-39.01918753968436,0.9192388155425117,0.9192388155425117,-0.5825085287665857,-0.8128245898803677
33.00843131250199,-39.11587213016285,0.8746427842267951,0.8746427842267951,-0.43098794524893097,-0.9023576846517707
33.19315321327835,-39.186541377073254,0.8500000000000001,0.8500000000000001,-0.2957539831760377,-0.9552641422326643
33.39144177216664,-39.23445385435397,0.8246211251235321,0.8246211251235321,-0.18925902594326613,-0.9819271974535618
33.59726756136644,-39.26443135515635,0.8500000000000001,0.8500000000000001,-0.11220317802804115,-0.9936852856112984
33.805527185263145,-39.281210810502216,0.8500000000000001,0.8500000000000001,-0.058727139101423576,-0.9982740721530146
34.012560908449615,-39.288862511731864,0.8500000000000001,0.8500000000000001,-0.02329995079787919,-0.9997285192955218
34.21616063022448,-39.29078114772767,0.8500000000000001,0.8500000000000001,-0.002042861358510969,-0.999997913356558
34.41556988459218,-39.28968580491428,0.8558621384311845,0.8558621384311845,0.007996189765515057,-0.9999680299635754
34.61148384026291,-39.287619967258436,0.9,0.9,0.009549107122729371,-0.9999544062371837
34.80603892950835,-39.28595700416621,0.912414379544733,0.912414379544733,0.004724694933913626,-0.9999888385666019
35.002105663407036,-39.285774377710126,0.95524865872714,0.95524865872714,-0.00753825404102925,-0.9999715869593561
35.20124272502064,-39.288936235423776,0.9500000000000001,0.9500000000000001,-0.03156191368316666,-0.9995017987000605
35.40305088922968,-39.29843528399919,0.9500000000000001,0.9500000000000001,-0.0727429277916088,-0.9973507238962154
35.60516543368465,-39.31839680503659,0.9055385138137417,0.9055385138137417,-0.13771237543433845,-0.9904722619297482
35.80325613880598,-39.3540786550443,0.9013878188659974,0.9013878188659974,-0.23543871298006258,-0.9718891976096307
35.991027287784114,-39.41187126543878,0.9178779875342911,0.9178779875342911,-0.3767089670328912,-0.9263316653105474
36.16025292566126,-39.499257639900904,0.97082439194738,0.97082439194738,-0.5605549525886115,-0.828117229097656
36.302582997503755,-39.62276422836011,0.95524865872714,0.95524865872714,-0.7449178410350631,-0.6671562111737105
36.414143942141294,-39.78274139481008,0.9433981132056604,0.9433981132056604,-0.8738857245235945,-0.48613140247660647
36.49681274712585,-39.97191798515884,0.894427190999916,0.894427190999916,-0.9394413921833477,-0.3427096010511137
36.55770658235967,-40.17627774797503,0.9013878188659974,0.9013878188659974,-0.9669769398930863,-0.25486388075795
36.604964148044786,-40.38225431996912,0.9013878188659974,0.9013878188659974,-0.9779604274813667,-0.20879033090749796
36.64441458890779,-40.58241245153765,0.8544003745317531,0.8544003745317531,-0.9825892275003205,-0.18579130765545326
36.679371698968815,-40.77577142744445,0.8558621384311845,0.8558621384311845,-0.9851964324262276,-0.17142925518893692
36.71113498831316,-40.9658516690258,0.8631338250816034,0.8631338250816034,-0.9874944881769602,-0.15765353094721155
36.740118782975074,-41.156272963113125,0.8246211251235321,0.8246211251235321,-0.9898922832459716,-0.14182125218061375
36.76612655177897,-41.349685004872434,0.8514693182963202,0.8514693182963202,-0.9924955065021375,-0.12228110881516248
36.788352409097556,-41.54776153933489,0.8139410298049854,0.8139410298049854,-0.9952548905753218,-0.0973021211788536
36.80538111485187,-41.75120036139678,0.8500000000000001,0.8500000000000001,-0.9978850435769591,-0.06500338303050536
36.81518807451124,-41.95972331581943,0.8500000000000001,0.8500000000000001,-0.9997330218530274,-0.0231059519737715
36.815107249064255,-42.172024292742876,0.8514693182963202,0.8514693182963202,-0.9994240358761898,0.03393518105077058
36.800779657424286,-42.384065190821886,0.8860022573334675,0.8860022573334675,-0.9924563983119243,0.1225981135651076
36.764016628719446,-42.585613144809535,0.9178779875342911,0.9178779875342911,-0.9607248528111336,0.2775027156462178
36.69233859484822,-42.75949223354276,0.95524865872714,0.95524865872714,-0.8411987880525312,0.5407259925128
36.571689388202834,-42.88481356031061,0.95524865872714,0.95524865872714,-0.5658660381752658,0.8244971963808176
36.40373452195111,-42.957565973572926,0.9433981132056604,0.9433981132056604,-0.303240306920693,0.9529141179868436
36.212422906021125,-42.999140839408184,0.8500000000000001,0.8500000000000001,-0.1782667940679732,0.9839821899469151
36.01638183304683,-43.02774216449392,0.8246211251235321,0.8246211251235321,-0.12065914568466103,0.9926939964372947
35.81866603913984,-43.04700087214322,0.8,0.8,-0.07602149737731131,0.9971061788678833
35.61965407451463,-43.057989533223505,0.8500000000000001,0.8500000000000001,-0.0368057279149926,0.9993224396523114
35.41968520226546,-43.06169560883942,0.8500000000000001,0.8500000000000001,-0.002589677299769772,0.9999966467801195
35.21906524329734,-43.05902693250488,0.8500000000000001,0.8500000000000001,0.027090138621143643,0.999632994848353
35.01806657632591,-43.050811710142995,0.8500000000000001,0.8500000000000001,0.05271559236262697,0.9986095665082813
34.81692813787753,-43.03779852008608,0.8246211251235321,0.8246211251235321,0.07476421039846216,0.9972012398926781
34.61585542228922,-43.020656313075655,0.8514693182963202,0.8514693182963202,0.09369741634469321,0.9956007202540229
34.41502048170867,-42.999974412262446,0.8381527307120106,0.8381527307120106,0.10995597152088271,0.9939364588981022
34.21456192609427,-42.97626251320635,0.8631338250816034,0.8631338250816034,0.12395978933820463,0.9922872419955967
34.01458492321509,-42.94995068387654,0.8514693182963202,0.8514693182963202,0.1361101259173956,0.9906937133255418
33.81516119865087,-42.92138936465135,0.8860022573334675,0.8860022573334675,0.14679277471780783,0.9891672665887438
33.616329035792035,-42.89084936831831,0.873212459828649,0.873212459828649,0.15638133156172432,0.9876967546463753
33.41809327583971,-42.85852188007417,0.912414379544733,0.912414379544733,0.1652367210062795,0.9862539358760972
33.220426023389166,-42.82451988335879,0.9055385138137417,0.9055385138137417,0.17364826520137308,0.98480773757752
33.0232802528893,-42.788905655608986,0.9013878188659974,0.9013878188659974,0.18174999050512933,0.9833447721686354
32.82660997132359,-42.75173151273896,0.9340770846134703,0.9340770846134703,0.18957197630378256,0.981866826917112
32.63037324186211,-42.71304591929637,0.9219544457292888,0.9219544457292888,0.19713175698165236,0.9803770042128318
32.43453218551089,-42.67289349179538,0.912414379544733,0.912414379544733,0.20444777594689648,0.9788774728791994
32.23905298111188,-42.63131499871647,0.9055385138137417,0.9055385138137417,0.2115392782039233,0.9773694970567494
32.04390586534297,-42.58834736050663,0.9013878188659974,0.9013878188659974,0.21842620536354507,0.9758534689237327
31.849065132717953,-42.54402364957926,0.9013878188659974,0.9013878188659974,0.22512910054202157,0.9743289424466156
31.654509135586597,-42.49837309031414,0.8860022573334675,0.8860022573334675,0.23166902305558942,0.9727946668010001
31.460220284134582,-42.451421059057516,0.9340770846134703,0.9340770846134703,0.23806747267071582,0.9712486182518758
31.266185046383494,-42.403189084122054,0.9340770846134703,0.9340770846134703,0.24434632304967152,0.9696880294260136
31.072393948190925,-42.35369484578689,0.9340770846134703,0.9340770846134703,0.25052776393747644,0.9681094150438204
30.878841573250327,-42.3029521762975,0.9340770846134703,0.9340770846134703,0.2566342515626922,0.9665085933010926
30.6855265630911,-42.25097105986585,0.9340770846134703,0.9340770846134703,0.26268846666810064,0.9648807022008276
30.49245161707862,-42.19775763267031,0.9013878188659974,0.9013878188659974,0.2687132795411285,0.963220210231415
30.299623492414124,-42.14331418285567,0.912414379544733,0.912414379544733,0.27473172137428103,0.9615209208700164
30.107053004134844,-42.08763915053318,0.9013878188659974,0.9013878188659974,0.2807669612526149,0.9597759704581964
29.91475502511391,-42.030727127780466,0.912414379544733,0.912414379544733,0.28684228802839523,0.9579778190535704
29.7227484860604,-41.97256885864163,0.9192388155425117,0.9192388155425117,0.2929810963054011,0.956118233906082
29.531056375519324,-41.913151239127174,0.9340770846134703,0.9340770846134703,0.2992068757099342,0.9541882652432381
29.3397057398716,-41.85245731721402,0.9340770846134703,0.9340770846134703,0.30554320256986023,0.9521782140772563
29.14872768333412,-41.79046629284554,0.9192388155425117,0.9192388155425117,0.3120137330567953,0.9500775917702526
28.958157367959686,-41.72715351793152,0.9192388155425117,0.9192388155425117,0.31864219676285493,0.947875071115462
28.76803401363701,-41.66249049634817,0.9340770846134703,0.9340770846134703,0.32545238958271727,0.9455584287154862
28.578400898090777,-41.59644488393813,0.9013878188659974,0.9013878188659974,0.33246816465036266,0.943114478466967
28.389305356881586,-41.52898048851047,0.9192388155425117,0.9192388155425117,0.33971341993404736,0.9405289959999711
28.20079878340596,-41.46005726984068,0.9340770846134703,0.9340770846134703,0.34721193342535345,0.9377866885848977
28.012936581397835,-41.38963138939515,0.9013878188659974,0.9013878188659974,0.3549755055619456,0.9348756015914851
27.82577435780856,-41.3176591958639,0.9340770846134703,0.9340770846134703,0.36296740358811935,0.9318018372661107
27.63935615119762,-41.244109548422024,0.9178779875342911,0.9178779875342911,0.3711016182302015,0.9285922619465046
27.45371045781631,-41.168967976875344,0.9192388155425117,0.9192388155425117,0.3792792199750485,0.9252822668219244
27.26885017652466,-41.09223673932484,0.9013878188659974,0.9013878188659974,0.3874008323905341,0.9219113813502474
27.084772608791525,-41.013934822166654,0.9340770846134703,0.9340770846134703,0.395366990108506,0.9185232403878197
26.901459458694468,-40.934097940092066,0.894427190999916,0.894427190999916,0.4030783574066753,0.9151654701693768
26.718876832919808,-40.85277853608746,0.9394147114027969,0.9394147114027969,0.41043595697664365,0.911889425983582
26.5369752407627,-40.7700457814344,0.9192388155425117,0.9192388155425117,0.4173413880046355,0.9087497817652361
26.35568959412699,-40.685985575709594,0.894427190999916,0.894427190999916,0.42369701485017763,0.9058039741616551
26.174939207525302,-40.600700546784864,0.9394147114027969,0.9394147114027969,0.42940611124178873,0.9031115056449035
25.99462779807907,-40.514310050827206,0.9394147114027969,0.9394147114027969,0.4343729500058625,0.9007331126938792
25.81464348551845,-40.426950172298746,0.9178779875342911,0.9178779875342911,0.4385028348091527,0.8987298058172639
25.63485879218234,-40.33877372395672,0.9178779875342911,0.9178779875342911,0.4417059329380837,0.8971598903246272
25.455131701604145,-40.24994884886838,0.894427190999916,0.894427190999916,0.4440944097010675,0.8959799971384743
25.27535993425079,-40.16058734299821,0.9394147114027969,0.9394147114027969,0.4464779753417326,0.8947946231033953
25.09561925816022,-40.07056199995964,0.9300537618869138,0.9300537618869138,0.45029814067587387,0.8928782585010405
24.916201810420713,-39.97945600305403,0.9300537618869138,0.9300537618869138,0.4571195851014214,0.8894052422359024
24.737616412686734,-39.88656250859554,0.9300537618869138,0.9300537618869138,0.4684804832432615,0.8834738461438234
24.56058857117888,-39.790884645911,0.9300537618869138,0.9300537618869138,0.48586735589062174,0.8740325580204984
24.386060476683895,-39.69113551733997,0.9178779875342911,0.9178779875342911,0.5106389124125158,0.8597952669852068
24.215185227648778,-39.585746987614385,0.9300537618869138,0.9300537618869138,0.5429814576772668,0.8397446853768534
24.04908106452995,-39.47324360851954,0.9013878188659974,0.9013878188659974,0.5797766903704186,0.8147754226184807
23.88825906960646,-39.35311335551961,0.9013878188659974,0.9013878188659974,0.6154454049268243,0.7881795186088365
23.732479107482966,-39.22602680694707,0.9219544457292888,0.9219544457292888,0.6448773144863469,0.7642861043227708
23.580824412546615,-39.09371097347518,0.9192388155425117,0.9192388155425117,0.6659882923902984,0.745962193679448
23.432264612659278,-38.957998024184974,0.95524865872714,0.95524865872714,0.6803046718292673,0.7329294328155151
23.2860720027698,-38.82012195872678,0.95524865872714,0.95524865872714,0.6906014869066559,0.723235498494312
23.141843844918466,-38.68068169437549,0.95524865872714,0.95524865872714,0.6991403863724539,0.7149844195106464
22.99941442745005,-38.5398167066168,0.9433981132056604,0.9433981132056604,0.7070164430749024,0.7071971077583061
22.858668819267763,-38.39757901026266,0.9192388155425117,0.9192388155425117,0.7144243623618602,0.6997126770781343
22.719500594317296,-38.254017594633865,0.9192388155425117,0.9192388155425117,0.7213961208184355,0.6925226616278439
22.581811648656938,-38.109178788918356,0.9192388155425117,0.9192388155425117,0.7279632953240125,0.6856161029767348
22.445512200457543,-37.96310626217141,0.9192388155425117,0.9192388155425117,0.7341575429373708,0.6789791617922913
22.31052079000264,-37.81584102331556,0.9433981132056604,0.9433981132056604,0.7400104260013108,0.6725953979989444
22.176764279688296,-37.66742142114053,0.9192388155425117,0.9192388155425117,0.7455532718403637,0.6664460359609987
22.044177854023204,-37.51788314430335,0.9192388155425117,0.9192388155425117,0.7508170623814401,0.6605102110012416
21.91270501962869,-37.367259221328304,0.9433981132056604,0.9433981132056604,0.7558323490873649,0.654765194610309
21.782297605238643,-37.215580020606886,0.9192388155425117,0.9192388155425117,0.7606291887830473,0.6491865965739306
21.65291576169957,-37.06287325039788,0.9433981132056604,0.9433981132056604,0.7652370962254188,0.6437485429579544
21.524527961970563,-36.90916395882729,0.9192388155425117,0.9192388155425117,0.7696850095818293,0.638423829462074
21.39711100112337,-36.7544745338884,0.9013878188659974,0.9013878188659974,0.7740012653081016,0.6331840501003304
21.27064999634228,-36.59882470344175,0.95524865872714,0.95524865872714,0.7782135792345497,0.6279997015086483
21.145138386924216,-36.44223153521508,0.9219544457292888,0.9219544457292888,0.7823490309543925,0.6228402634421791
21.020577934278723,-36.28470943680348,0.9433981132056604,0.9433981132056604,0.7864340488563587,0.6176742562219948
20.896978721927916,-36.1262701556692,0.9192388155425117,0.9192388155425117,0.7904943933401666,0.6124692760439188
20.774359155506513,-35.966922779141754,0.9300537618869138,0.9300537618869138,0.7945551358948915,0.6071920091890626
20.65274596276187,-35.80667373441798,0.9433981132056604,0.9433981132056604,0.7986406318050437,0.6018082262897713
20.532174193553914,-35.6455267885619,0.9433981132056604,0.9433981132056604,0.8027744842734063,0.5962827579257736
20.412687219855176,-35.48348304850478,0.9433981132056604,0.9433981132056604,0.8069794977169299,0.5905794529650787
20.29433673575082,-35.32054096104521,0.9178779875342911,0.9178779875342911,0.8112776179030565,0.5846611212399386
20.177182757438594,-35.15669631284897,0.9219544457292888,0.9219544457292888,0.8156898564521977,0.5784894623767948
20.061293623228828,-34.991942230449105,0.9433981132056604,0.9433981132056604,0.8202361970446906,0.5720249828964321
19.946745993544486,-34.8262691802459,0.9178779875342911,0.9178779875342911,0.8249354804448136,0.5652269040865664
19.833624850921144,-34.65966496850696,0.9178779875342911,0.9178779875342911,0.8298052652019713,0.5580530636445661
19.722023500006944,-34.49211474136706,0.9433981132056604,0.9433981132056604,0.834861236243596,0.5504604583599212
19.61204326105032,-34.323601083737564,0.9394147114027969,0.9394147114027969,0.8401091888310876,0.5424173216643915
19.503787739692395,-34.15410586840332,0.9300537618869138,0.9300537618869138,0.8455344834985686,0.5339208154912195
19.397354505273672,-33.98361294137314,0.9178779875342911,0.9178779875342911,0.8511091578367812,0.5249887631619985
19.292833873181138,-33.81210851480776,0.9013878188659974,0.9013878188659974,0.856803757112284,0.515642629927234
19.190308904293158,-33.63958116719902,0.9178779875342911,0.9178779875342911,0.8625891294424735,0.5059051232866453
19.089855404979367,-33.46602184336971,0.9013878188659974,0.9013878188659974,0.8684365494970635,0.49580032220404463
18.99154192710079,-33.29142385447371,0.9178779875342911,0.9178779875342911,0.8743178533920922,0.4853537794638505
18.89542976800975,-33.11578287799594,0.894427190999916,0.894427190999916,0.8802055832477321,0.47459259499018697
18.80157297054992,-32.93909695775237,0.9394147114027969,0.9394147114027969,0.8860731386439303,0.4635454594467454
18.71001832305632,-32.761366503889995,0.9340770846134703,0.9340770846134703,0.8918949317982436,0.4522426678594208
18.62080535935527,-32.58259429288683,0.9178779875342911,0.9178779875342911,0.8976465429680027,0.44071610351516954
18.533966358764474,-32.40278546755202,0.894427190999916,0.894427190999916,0.9033048723595172,0.42899919297308275
18.449526346092927,-32.221947537025656,0.894427190999916,0.894427190999916,0.9088482847253698,0.4171268336510529
18.36750309164098,-32.04009037677891,0.9192388155425117,0.9192388155425117,0.9142567428558638,0.405135296095745
18.287907111200322,-31.857226228614035,0.8860022573334675,0.8860022573334675,0.9195119263250962,0.3930621036756291
18.21074166605397,-31.673369700664246,0.9178779875342911,0.9178779875342911,0.9245973321331308,0.3809458930245829
18.13600276297627,-31.48853776739385,0.894427190999916,0.894427190999916,0.9294983542832795,0.36882625907691946
18.063679154232926,-31.302749769598226,0.9013878188659974,0.9013878188659974,0.9342023398301846,0.3567435889484326
17.99375233758095,-31.116027414403725,0.8860022573334675,0.8860022573334675,0.9386986195082764,0.3447388892092915
17.926196556268707,-30.928394775267794,0.9013878188659974,0.9013878188659974,0.942978511674082,0.3328536112481481
17.860978799035877,-30.73987829197887,0.9340770846134703,0.9340770846134703,0.9470352989394167,0.3211294794358337
17.79805880011351,-30.550506770656522,0.8860022573334675,0.8860022573334675,0.9508641775054529,0.30960832665947235
17.73738903922396,-30.360311383751274,0.9013878188659974,0.9013878188659974,0.9544621797994273,0.29833194152240183
17.678914741580922,-30.169325670044724,0.9013878188659974,0.9013878188659974,0.9578280715395013,0.28734193110459877
17.622573877889433,-29.977585534649517,0.912414379544733,0.912414379544733,0.9609622247856962,0.2766796026723423
17.568297164345868,-29.78512924900936,0.9192388155425117,0.9192388155425117,0.9638664688585247,0.26638586713675094
17.51600806263793,-29.591997450898937,0.9219544457292888,0.9219544457292888,0.9665439212102508,0.2565011664135516
17.465622779944667,-29.398233144424072,0.9219544457292888,0.9219544457292888,0.9689990402792905,0.24706448538350034
17.41705063361699,-29.203881556374668,0.912414379544733,0.912414379544733,0.9712398904558079,0.2381030768121031
17.37019802308592,-29.008988571698957,0.912414379544733,0.912414379544733,0.9732796000067995,0.22962321357085072
17.32497237231432,-28.81359918058023,0.9055385138137417,0.9055385138137417,0.9751332063965031,0.221619560921131
17.2812824846585,-28.617757338657864,0.9013878188659974,0.9013878188659974,0.9768149385515781,0.2140854404729024
17.23903854286816,-28.421505967027112,0.8860022573334675,0.8860022573334675,0.9783380146003324,0.20701383815552002
17.198152109086422,-28.22488695223921,0.8860022573334675,0.8860022573334675,0.9797146767374277,0.20039748547643363
17.15853612484982,-28.027941146301398,0.9219544457292888,0.9219544457292888,0.9809562287103665,0.19422893027130408
17.120104911088315,-27.830708366676845,0.912414379544733,0.912414379544733,0.9820730750084884,0.18850059772682917
17.082774168125262,-27.63322739628469,0.9013878188659974,0.9013878188659974,0.9830747609927233,0.1832048424553782
17.04646097567743,-27.435535983500056,0.8860022573334675,0.8860022573334675,0.9839700133443063,0.1783339923828477
17.011083792855015,-27.237670842154024,0.912414379544733,0.912414379544733,0.9847667803335792,0.17388038518313703
16.976562458161627,-27.039667651533634,0.9013878188659974,0.9013878188659974,0.9854722715173387,0.1698363979553752
16.94281818949427,-26.8415610563819,0.8860022573334675,0.8860022573334675,0.9860929965657883,0.16619447079823166
16.909773584143394,-26.643384666897813,0.912414379544733,0.912414379544733,0.9866348029992966,0.1629471248919079
16.877352618792823,-26.445171058736303,0.9013878188659974,0.9013878188659974,0.9871029126826255,0.16008697565222757
16.84548064951983,-26.24695177300828,0.8860022573334675,0.8860022573334675,0.9875019569809234,0.15760674147652012
16.814084411795076,-26.048757316280636,0.9055385138137417,0.9055385138137417,0.9878360105291211,0.15549924855738134
16.783092020482652,-25.850617160576224,0.8860022573334675,0.8860022573334675,0.9881086236055673,0.15375743219861362
16.752432969840054,-25.65255974337382,0.912414379544733,0.912414379544733,0.9883228531326806,0.15237433502948494
16.722038133518197,-25.45461246760825,0.9013878188659974,0.9013878188659974,0.9884812923533837,0.15134310247706823
16.691839764561408,-25.25680170167023,0.8860022573334675,0.8860022573334675,0.9885860992525666,0.150656975824535
16.661771495407425,-25.059152779406467,0.9055385138137417,0.9055385138137417,0.9886390238088676,0.15030928315393333
16.6317683378874,-24.861690000119665,0.9,0.9,0.9886414341741493,0.15029342844609414
16.601766683225904,-24.66443662856846,0.9219544457292888,0.9219544457292888,0.9885943418866798,0.15060287908815806
16.57170430204092,-24.467414894967455,0.9055385138137417,0.9055385138137417,0.9884984262298099,0.15123115201964546
16.54152034434383,-24.270645994987216,0.9,0.9,0.9883540578511721,0.15217179873130826
16.511155339539457,-24.07415008975432,0.912414379544733,0.912414379544733,0.9881613225268332,0.15341838436778013
16.48055119815347,-23.877946304001224,0.9013878188659974,0.9013878188659974,0.9879212149531441,0.15495700386075983
16.44965381165724,-23.682049941757967,0.8860022573334675,0.8860022573334675,0.9876434430857544,0.15671767395452327
16.41842989915108,-23.486454444228688,0.912414379544733,0.912414379544733,0.9873510990167457,0.15854906896738474
16.386878110295683,-23.291119498996242,0.9,0.9,0.9870740690870958,0.1602647251763259
16.355029580293255,-23.095970445659702,0.9219544457292888,0.9219544457292888,0.9868440159142635,0.16167525554087991
16.322947929887476,-22.900898275834447,0.9013878188659974,0.9013878188659974,0.9866935772748074,0.16259085018734493
16.290729265363517,-22.70575963315201,0.8860022573334675,0.8860022573334675,0.9866553500109246,0.16282266517539806
16.258502178548035,-22.510376813260198,0.912414379544733,0.912414379544733,0.9867604216212825,0.16218467967656117
16.22642774680917,-22.314537763823083,0.9,0.9,0.9870364899528804,0.1604960046278331
16.19469953305656,-22.11799608452091,0.873212459828649,0.873212459828649,0.9875056464291251,0.15758362310403878
16.163543585741323,-21.9204710270502,0.9055385138137417,0.9055385138137417,0.9881819385964725,0.1532855382340988
16.133218438856066,-21.721647495123698,0.9,0.9,0.9890688705733981,0.1474542955042772
16.104015111934878,-21.52117604447039,0.9219544457292888,0.9219544457292888,0.9901570412573386,0.13996082897908604
16.07625711005335,-21.3186728828355,0.9013878188659974,0.9013878188659974,0.9914219423205661,0.13070016176468996
16.05029982511793,-21.113720435622373,0.9340770846134703,0.9340770846134703,0.9927534260995243,0.12016919308897853
16.0263133392841,-20.906072546018812,0.912414379544733,0.912414379544733,0.9936853239907417,0.11220283813440124
16.003208148374416,-20.69666941587818,0.9340770846134703,0.9340770846134703,0.9934032740342713,0.11467316659964723
15.978072778213406,-20.488168927152262,0.9486832980505139,0.9486832980505139,0.9905340763891011,0.13726705180774587
15.946154600412214,-20.28496476650163,0.9340770846134703,0.9340770846134703,0.9814236565511213,0.1918530853591537
15.900859832368596,-20.093186425295503,0.9486832980505139,0.9486832980505139,0.9555432347832548,0.29485102417993
15.833753537266915,-19.920699199611846,1.0,1.0,0.8850040083492825,0.46558340306082974
15.734570088045972,-19.77709463743237,1.0259142264341596,1.0259142264341596,0.7191777069677233,0.6948261838766927
15.593283015631004,-19.671800924969194,1.0,1.0,0.46475354443361905,0.8854400843289104
15.408829190071335,-19.60611837423841,0.9617692030835672,0.9617692030835672,0.24740763931871287,0.9689114820285399
15.193065739551079,-19.56960705759733,0.9219544457292888,0.9219544457292888,0.147744766539875,0.9890255224007507
14.970194575556466,-19.540593302084055,0.9500000000000001,0.9500000000000001,0.17169692082280133,0.9851498197634554
14.766490820689397,-19.495261411280943,1.0,1.0,0.30983499761569067,0.9507903419011391
14.597370291959823,-19.41910068070523,1.05,1.05,0.5280695959629288,0.8492010962189988
14.465823037294477,-19.308293311965773,1.0307764064044151,1.0307764064044151,0.7338144596346073,0.6793499384199347
14.36474490800831,-19.167825364748474,0.9924716620639604,0.9924716620639604,0.8598242470402885,0.5105901136935584
14.285466613384319,-19.004576451359846,0.95524865872714,0.95524865872714,0.922522901637292,0.38594234796755755
14.221143568185244,-18.824573256265904,0.9486832980505139,0.9486832980505139,0.9526342207361732,0.3041184661976053
14.166823824214436,-18.632934497420163,0.9340770846134703,0.9340770846134703,0.9677543713077873,0.25189576577360184
14.119448070315856,-18.433870926263754,0.9055385138137417,0.9055385138137417,0.9763996599947214,0.21597153507393588
14.077849632374106,-18.230685327725354,0.9,0.9,0.982793048469447,0.18471010768263613
14.04274863934785,-18.025773781377488,0.8558621384311845,0.8558621384311845,0.9888987183794621,0.14859113293685225
14.0162506786714,-17.820734039474463,0.9,0.9,0.9946473247320692,0.10332811526074405
14.000253384667753,-17.616709982287507,0.912414379544733,0.912414379544733,0.998746708218688,0.0500501031201221
13.995893666062683,-17.4145111135531,0.9,0.9,0.9999666064196655,-0.008172272972542081
14.003539529852256,-17.21461432794615,0.9,0.9,0.9977168776698881,-0.06753541302642214
14.022790081302828,-17.017163911080058,0.9,0.9,0.9923227133271564,-0.12367551340111871
14.052475523951063,-16.821971539506748,0.8514693182963202,0.8514693182963202,0.9850918595565343,-0.17202914937721792
14.090660350294534,-16.628517860502676,0.8860022573334675,0.8860022573334675,0.9779699282958073,-0.2087458247464927
14.13484883923574,-16.436054238692343,0.9013878188659974,0.9013878188659974,0.9726196787359705,-0.2324025828934298
14.182565239606696,-16.24389001857353,0.9340770846134703,0.9340770846134703,0.9698210221448093,-0.2438179341352835
14.231532501392651,-16.05148101855468,0.9340770846134703,0.9340770846134703,0.9697004295155023,-0.2442971080415206
14.279674244956475,-15.858430505964403,0.894427190999916,0.894427190999916,0.971984482378919,-0.2350450297593739
14.325114761038654,-15.664489197051415,0.8544003745317531,0.8544003745317531,0.9761402365560388,-0.21714105686470428
14.366179010757255,-15.469555256984602,0.8381527307120106,0.8381527307120106,0.9814802006184545,-0.1915636076971776
14.401393481045629,-15.273673559805156,0.8246211251235321,0.8246211251235321,0.9872269245367878,-0.15932043017025616
14.4295307338069,-15.076997148501144,0.8,0.8,0.9925598671482652,-0.12175758755255589
14.449723758603325,-14.879688307336194,0.8,0.8,0.9967429477889738,-0.08064425604435307
14.461497898580449,-14.681890942408561,0.8514693182963202,0.8514693182963202,0.9992786892287429,-0.03797500827235746
14.464771119162293,-14.483730349200249,0.8860022573334675,0.8860022573334675,0.9999914088055332,0.004145155621343148
14.459854008051355,-14.285313212577078,0.912414379544733,0.912414379544733,0.9990495557261855,0.04358881970541863
14.447449775228597,-14.086727606788555,0.9,0.9,0.9969296529063059,0.07830240836725631
14.428650994852038,-13.888043067672646,0.9219544457292888,0.9219544457292888,0.9942914903447607,0.10669785484251626
14.404803106185469,-13.689313617690859,0.912414379544733,0.912414379544733,0.9917216972847185,0.12840589992176088
14.37718898460397,-13.490584756333412,0.9219544457292888,0.9219544457292888,0.9895699029317828,0.14405348732877638
14.346950186405753,-13.291895205458518,0.9013878188659974,0.9013878188659974,0.988003248425412,0.15443309587272272
14.315086477030052,-13.093276919747895,0.9340770846134703,0.9340770846134703,0.9870688290317097,0.16029699546145465
14.28245583105715,-12.894755086706839,0.9013878188659974,0.9013878188659974,0.9867315498971473,0.1623602427861379
14.249774432208323,-12.69634812666408,0.8860022573334675,0.8860022573334675,0.9869036393647064,0.16131090046459218
14.217616673345871,-12.498067692771858,0.9055385138137417,0.9055385138137417,0.987467600558238,0.15782185478493163
14.186415156473124,-12.299918671005967,0.9,0.9,0.9882939694265134,0.15256156132914306
14.156460692734438,-12.10189918016567,0.9013878188659974,0.9013878188659974,0.9892547204663723,0.14620225044437482
14.127902302415167,-11.904000571873718,0.8860022573334675,0.8860022573334675,0.9902326403615327,0.1394249545907316
14.10074721494172,-11.70620743057643,0.9055385138137417,0.9055385138137417,0.991126594435845,0.13292130680219746
14.074860868881489,-11.508497573543572,0.9,0.9,0.9918523898978195,0.1273924513226109
14.049966911942919,-11.310842050868438,0.8631338250816034,0.8631338250816034,0.9923396416938186,0.1235396111495568
14.02564964312384,-11.113205329369839,0.9,0.9,0.9925430806462819,0.12189435204794466
14.001421083037423,-10.915550343214614,0.912414379544733,0.912414379544733,0.9924665547031694,0.1225158675258884
13.976844399359138,-10.717847788271193,0.9,0.9,0.9921447823714294,0.125094887238244
13.951557818395846,-10.520077922731696,0.9219544457292888,0.9219544457292888,0.991610863960784,0.12925902086488003
13.925274679855503,-10.322230571236338,0.9,0.9,0.9908952908654547,0.13463477463369508
13.897783436847144,-10.124305124873304,0.873212459828649,0.873212459828649,0.9900308911503105,0.14085039782734765
13.868947655880904,-9.926310541178813,0.9013878188659974,0.9013878188659974,0.9890563944243111,0.14753795663618743
13.838706016868011,-9.72826534413718,0.8860022573334675,0.8860022573334675,0.9880186147306136,0.1543347561173415
13.807072313120786,-9.530197624180694,0.912414379544733,0.912414379544733,0.9869733195962149,0.16088401538135427
13.77413545135263,-9.332145038189697,0.9013878188659974,0.9013878188659974,0.9859848863056971,0.16683466059767538
13.74005945167804,-9.134154809492541,0.8860022573334675,0.8860022573334675,0.9851248558927931,0.17184009515303372
13.70508344761262,-8.936283727865677,0.912414379544733,0.912414379544733,0.9844694769435094,0.17555582863172903
13.669521686073054,-8.738598149533527,0.9013878188659974,0.9013878188659974,0.9840962813252925,0.17763588905885788
13.633763527377102,-8.541173997168547,0.8860022573334675,0.8860022573334675,0.9840771355416584,0.17774192331615102
13.598267418742461,-8.344095299662328,0.8631338250816034,0.8631338250816034,0.9844244060068988,0.17580838676799337
13.563444037876426,-8.147425877667493,0.9055385138137417,0.9055385138137417,0.9850208900863503,0.17243504891260997
13.529482512243193,-7.95116723630351,0.8860022573334675,0.8860022573334675,0.9856682500708784,0.16869528980446477
13.496324245515144,-7.755252223272343,0.8631338250816034,0.8631338250816034,0.9861687229217324,0.1657445321297788
13.463662902852741,-7.559545025291654,0.9013878188659974,0.9013878188659974,0.9863347467291358,0.16475365669620676
13.43094441090457,-7.363841168094843,0.8860022573334675,0.8860022573334675,0.985975890852734,0.16688781458559993
13.397366957807339,-7.167867516431133,0.8631338250816034,0.8631338250816034,0.9848745283305445,0.17326904930104373
13.361883853797524,-6.971295679553076,0.9013878188659974,0.9013878188659974,0.9827548951439986,0.18491299594811672
13.323251225786084,-6.773965519020923,0.8860022573334675,0.8860022573334675,0.9792383808771423,0.20271209489597014
13.280092208549679,-6.576185963465929,0.8631338250816034,0.8631338250816034,0.9737677520017703,0.22754420485131804
13.230905497058359,-6.378775086775373,0.8514693182963202,0.8514693182963202,0.965501430738304,0.26039774815133865
13.174065348242141,-6.183060116370959,0.8381527307120106,0.8381527307120106,0.9531654997586776,0.3024492189935203
13.10782158099099,-5.990877433208866,0.8544003745317531,0.8544003745317531,0.9348323658704457,0.3550893517427201
13.030299576154837,-5.804572571779807,0.8276472678623424,0.8276472678623424,0.907641080045879,0.41974714985709005
12.9395265517896,-5.626964343810381,0.8500000000000001,0.8500000000000001,0.8681778348328744,0.49625320865955347
12.83381233372115,-5.460824933010608,0.8514693182963202,0.8514693182963202,0.8141501118902229,0.5806544543092196
12.712214625184094,-5.308244614535214,0.8845903006477066,0.8845903006477066,0.7458732537256135,0.6660878991370182
12.57459390491145,-5.170556796969662,0.890224690738243,0.890224690738243,0.6666452707224805,0.7453751290614349
12.421613429887769,-5.0483380185712,0.9219544457292888,0.9219544457292888,0.5823840507622974,0.8129137822781072
12.254739235349064,-4.941407947268832,0.9178779875342911,0.9178779875342911,0.5002017000381973,0.8659089208911623
12.076240134782909,-4.848829380663358,0.9178779875342911,0.9178779875342911,0.4266453764202408,0.9044189973564415
11.889137466695878,-4.768941087701673,0.9340770846134703,0.9340770846134703,0.3654544339526932,0.9308292306885922
11.696576126562181,-4.699768854154242,0.9013878188659974,0.9013878188659974,0.31651027967028805,0.9485890800884417
11.501132570464202,-4.639477718580579,0.8860022573334675,0.8860022573334675,0.27788845704045567,0.9606133485662558
11.304743473595035,-4.586418595682794,0.8860022573334675,0.8860022573334675,0.24774329788016564,0.9688257110313803
11.10870573003783,-4.539128276449833,0.8860022573334675,0.8860022573334675,0.22448789103408417,0.9744768785246108
10.913676452765841,-4.496329428157501,0.8860022573334675,0.8860022573334675,0.20672337740043087,0.978399430312671
10.719672973642393,-4.4569305943684325,0.9219544457292888,0.9219544457292888,0.193168173265541,0.9811656622799505
10.526110097832087,-4.420026834538629,0.912414379544733,0.912414379544733,0.18275200578856274,0.9831590432784805
10.33220248130043,-4.384906632280623,0.9055385138137417,0.9055385138137417,0.17468288422528383,0.9846247457578629
10.137361520849543,-4.351058709414456,0.9219544457292888,0.9219544457292888,0.1682541584207827,0.9857436472907721
9.941230779230406,-4.318172634167696,0.9219544457292888,0.9219544457292888,0.16270954309446278,0.9866740113056547
9.743685985142827,-4.286138821175437,0.9013878188659974,0.9013878188659974,0.15726361496975,0.9875566593399319
9.54483503323551,-4.255048531480307,0.9340770846134703,0.9340770846134703,0.1511158664363345,0.9885160569819773
9.345017984027692,-4.22519387244806,0.9055385138137417,0.9055385138137417,0.14348991690571608,0.9896517790346212
9.14478623188212,-4.197045332294,0.9,0.9,0.13406815648012965,0.9909721133402389
8.944701740942866,-4.171035274040552,0.912414379544733,0.912414379544733,0.12337300183027926,0.9923603692305462
8.745155471257082,-4.147362124367974,0.9,0.9,0.1124012170151097,0.9936629038127177
8.546352970012185,-4.12597483505538,0.9055385138137417,0.9055385138137417,0.10224613909901206,0.9947591301613399
8.348314371535944,-4.106572882980753,0.9486832980505139,0.9486832980505139,0.09407047090144469,0.995565541039052
8.15087439729635,-4.0886062701209385,0.9,0.9,0.08908807001109967,0.9960237526192321
7.953682357315049,-4.071275527451751,0.9219544457292888,0.9219544457292888,0.08836915665939016,0.9960877933953955
7.7562248853602505,-4.053594452109442,0.9500000000000001,0.9500000000000001,0.09151453822648777,0.9958037403490674
7.55801567913253,-4.034913690396601,0.9,0.9,0.09579067669458882,0.995401500028201
7.358748908941719,-4.015344064954213,0.9219544457292888,0.9219544457292888,0.09742723887193018,0.9952426503751695
7.158309622095729,-3.9957852853962703,0.9,0.9,0.0926849540861209,0.9956954852192781
6.95677374290061,-3.9779259483097693,0.9,0.9,0.07785562534846932,0.9969646441081041
6.754408072660435,-3.9642435372547076,0.912414379544733,0.912414379544733,0.04911700491078186,0.9987930315278507
6.55167032984741,-3.9580044373458096,0.9500000000000001,0.9500000000000001,0.0022812701833191873,0.9999973978997899
6.3493622649713615,-3.963319515926352,0.9500000000000001,0.9500000000000001,-0.06837586569516264,0.9976596318336415
6.149749421357364,-3.985550595556585,0.9500000000000001,0.9500000000000001,-0.17162205895809327,0.9851628641392167
5.957375878169983,-4.0316062056049935,0.9219544457292888,0.9219544457292888,-0.3176047463397765,0.948223193716778
5.778963095946782,-4.1097444537205945,0.894427190999916,0.894427190999916,-0.4904902546117931,0.8714466765848948
5.618426857800365,-4.222382297554798,0.890224690738243,0.890224690738243,-0.6128239230609677,0.790219488069084
5.4669005372598445,-4.351752407640169,0.890224690738243,0.890224690738243,-0.6274850696088466,0.7786285940151318
5.309479410223462,-4.471358397505863,0.9192388155425117,0.9192388155425117,-0.5631459749653452,0.8263574353028662
5.141935787145195,-4.573209350138196,0.8514693182963202,0.8514693182963202,-0.4798075911903664,0.8773737376033649
4.965839426325893,-4.659284096491313,0.8500000000000001,0.8500000000000001,-0.4041720204616375,0.9146829931052385
4.782869926873039,-4.7318701925490885,0.8246211251235321,0.8246211251235321,-0.3390245564701383,0.9407775242373864
4.594537088515135,-4.793088962306596,0.8246211251235321,0.8246211251235321,-0.2846173894377381,0.9586411954582627
4.402180911601602,-4.844895497770177,0.8514693182963202,0.8514693182963202,-0.24040960291479288,0.9706715318924067
4.206971597102823,-4.889078658957387,0.873212459828649,0.873212459828649,-0.20548996903233785,0.978659221908775
4.009909546610214,-4.927261073897009,0.9,0.9,-0.17882689251901426,0.9838805529697153
3.8118253623360965,-4.960899138629067,0.9055385138137417,0.9055385138137417,-0.1593914708445541,0.9872154572442683
3.613379847113783,-4.991283017204818,0.8860022573334675,0.8860022573334675,-0.1462023078558389,0.9892547119815132
3.41506400439753,-5.0195366416867415,0.9013878188659974,0.9013878188659974,-0.13832758998630515,0.9903865295169259
3.2171990382626303,-5.046617712148555,0.8631338250816034,0.8631338250816034,-0.134867036728271,0.9908637052612913
3.0199363534052783,-5.073317696675202,0.9,0.9,-0.1349275739973664,0.990855463614742
2.823257555142641,-5.10026183136287,0.9055385138137417,0.9055385138137417,-0.13760148962564023,0.990487672842426
2.6269745298030593,-5.127909120451837,0.8860022573334675,0.8860022573334675,-0.14196307702195893,0.989871953720509
2.4307580399226603,-5.156552383591192,0.9013878188659974,0.9013878188659974,-0.14712088445137636,0.9891185193687584
2.2342784970342713,-5.1863184885206515,0.8631338250816034,0.8631338250816034,-0.15225570278702613,0.9883411359286979
2.0372793527513258,-5.217168472377878,0.9,0.9,-0.1565928671111953,0.9876632391508229
1.8395795841007623,-5.248897545806484,0.8558621384311845,0.8558621384311845,-0.1593841745179314,0.9872166352494459
1.6410736935230825,-5.281135092956015,0.8860022573334675,0.8860022573334675,-0.15990495559497372,0.987132415219037
1.4417317088724118,-5.313344671481946,0.9013878188659974,0.9013878188659974,-0.15744331969943565,0.9875280254666301
1.2415991834163815,-5.3448240125457005,0.8631338250816034,0.8631338250816034,-0.15128189356280541,0.9884906619083723
1.040797195836207,-5.374705020814635,0.9,0.9,-0.1406737695610576,0.9900560037480115
0.8395223502266466,-5.401953774462046,0.9055385138137417,0.9055385138137417,-0.12481501976598271,0.9921800294507128
0.6380467760960844,-5.425370525167158,0.8860022573334675,0.8860022573334675,-0.10281735273841988,0.9947002523252235
0.4367181283664082,-5.443589698115143,0.8514693182963202,0.8514693182963202,-0.07368700196603778,0.9972814175252926
0.23595958737307063,-5.455079891997108,0.8631338250816034,0.8631338250816034,-0.03632074084065368,0.9993401842139573
0.036269858865147914,-5.458143879010094,0.8500000000000001,0.8500000000000001,0.010458947624960814,0.9999453037114472
-0.16177718998561158,-5.450919756330212,0.8558621384311845,0.8558621384311845,0.06735492405027325,0.9977290785609999
-0.3575876317870369,-5.431555256968758,0.8544003745317531,0.8544003745317531,0.13259046502192062,0.9911709078586148
-0.5507614773217085,-5.398884726715046,0.8544003745317531,0.8544003745317531,0.2013246580500282,0.979524569401421
-0.741182665763562,-5.3527138052508025,0.9013878188659974,0.9013878188659974,0.2676125805920007,0.9635265988590507
-0.9290210921940323,-5.293825840131546,0.873212459828649,0.873212459828649,0.3258133239968991,0.9454341213993134
-1.1147326076020014,-5.223981886786622,0.894427190999916,0.894427190999916,0.3711526196299626,0.9285718781773526
-1.2990590188839075,-5.145920708519154,0.873212459828649,0.873212459828649,0.3997679404958373,0.9166163830914854
-1.4830270802599732,-5.063355996232598,0.9178779875342911,0.9178779875342911,0.408905239390175,0.9125768489279484
-1.667840286747004,-4.980678085067419,0.9178779875342911,0.9178779875342911,0.39856053482627213,0.9171420283025938
-1.8545050840111663,-4.901923560162377,0.9013878188659974,0.9013878188659974,0.37128539192669413,0.9285187977320875
-2.0436902210141836,-4.830387546533511,0.9178779875342911,0.9178779875342911,0.3300858043427934,0.9439509318663609
-2.2357242462198013,-4.7686168070881205,0.8860022573334675,0.8860022573334675,0.2780097528283909,0.9605782515403402
-2.430595507593727,-4.718409742624779,0.8860022573334675,0.8860022573334675,0.21844438189104678,0.9758494002766198
-2.6279521526037444,-4.680816391833295,0.9013878188659974,0.9013878188659974,0.1551431075434527,0.9878920063355917
-2.8271033207857625,-4.65614033067554,0.9,0.9,0.0916332352837638,0.9957928249347001
-3.0271113990009457,-4.644085605845554,0.9500000000000001,0.9500000000000001,0.029828259836633335,0.9995550384621741
-3.227073231385222,-4.644204613320195,0.9500000000000001,0.9500000000000001,-0.029957697158320598,0.999551167465163
-3.426213711324332,-4.656047160788349,0.9,0.9,-0.08775647756247504,0.996141958079182
-3.6238870347824412,-4.679162463807144,0.9219544457292888,0.9219544457292888,-0.14353467347862447,0.9896452887319702
-3.819576700302062,-4.713099145801927,0.912414379544733,0.912414379544733,-0.19718485881837922,0.9803663251319763
-4.012895509004169,-4.757405238066284,0.9192388155425117,0.9192388155425117,-0.24852994459420735,0.968624213325271
-4.20358508920466,-4.811628154580303,0.9340770846134703,0.9340770846134703,-0.2973513122001153,0.9547681378915353
-4.3914872094948345,-4.875313172423601,0.9340770846134703,0.9340770846134703,-0.3434740306297771,0.9391621746444726
-4.576465057373642,-4.947999261792523,0.9178779875342911,0.9178779875342911,-0.38682613524735643,0.9221526669101998
-4.758379684216241,-5.029217838256597,0.9178779875342911,0.9178779875342911,-0.4274131257180289,0.9040564252102544
-4.93708976500167,-5.118492750030936,0.9300537618869138,0.9300537618869138,-0.46529376493313446,0.8851563208351104
-5.112451598312971,-5.215340277976302,0.9013878188659974,0.9013878188659974,-0.5005672704249541,0.8656976422396626
-5.284319106337113,-5.319269135599073,0.9013878188659974,0.9013878188659974,-0.5333618801530563,0.8458871702535729
-5.45254403664248,-5.429780629730175,0.8746427842267951,0.8746427842267951,-0.5638267168766574,0.8258931125370217
-5.616985439144569,-5.546376207198265,0.8746427842267951,0.8746427842267951,-0.5921215143693461,0.8058486906491518
-5.7775328315674175,-5.668575901891018,0.890224690738243,0.890224690738243,-0.6183973065505235,0.7858656190794059
-5.934112341867004,-5.795923226074081,0.8845903006477066,0.8845903006477066,-0.6427852289396019,0.7660464407965509
-6.086686752638464,-5.927985205753321,0.9013878188659974,0.9013878188659974,-0.6653966987406428,0.746489941864627
-6.235255501116182,-6.064352380674893,0.9192388155425117,0.9192388155425117,-0.6863255367486988,0.7272944779156587
-6.379854679173742,-6.2046388043252065,0.9192388155425117,0.9192388155425117,-0.7056500865346579,0.7085604810978593
-6.520557033323889,-6.348482043930885,0.8845903006477066,0.8845903006477066,-0.7234352366583809,0.6903922496385894
-6.657471964718617,-6.495543180458847,0.8845903006477066,0.8845903006477066,-0.7397342859910178,0.6728990905992958
-6.790745529149109,-6.645506808616257,0.9192388155425117,0.9192388155425117,-0.7545906085350337,0.6561958652039248
-6.9205604370457205,-6.798081036850499,0.9178779875342911,0.9178779875342911,-0.7680390852915352,0.6404029695937877
-7.047136053478046,-6.9529974873492435,0.9178779875342911,0.9178779875342911,-0.7801072800855031,0.625645771629281
-7.170728398154868,-7.110011296040409,0.9300537618869138,0.9300537618869138,-0.7908163463862677,0.6120535158695476
-7.291630145424184,-7.268901112592177,0.9219544457292888,0.9219544457292888,-0.8001831772882366,0.5997556859129411
-7.410169501213745,-7.429469280548561,0.9013878188659974,0.9013878188659974,-0.8082707242110677,0.5888110362275117
-7.5266726397129915,-7.59154786238201,0.9013878188659974,0.9013878188659974,-0.8152855878107392,0.5790590732456382
-7.641386514035308,-7.755011020449952,0.9300537618869138,0.9300537618869138,-0.8215436420647418,0.570145634187441
-7.754461912428678,-7.919777734731783,0.8746427842267951,0.8746427842267951,-0.8273654617734637,0.561663949941941
-7.865953393481627,-8.085811813221742,0.8845903006477066,0.8845903006477066,-0.8330547855597622,0.553190495449785
-7.9758192861231905,-8.253121891928881,0.9013878188659974,0.9013878188659974,-0.8388985460495071,0.5442878185629576
-8.083921689622887,-8.421761434877,0.9013878188659974,0.9013878188659974,-0.8451653338262924,0.5345049658312743
-8.190026473590775,-8.591828734104752,0.9013878188659974,0.9013878188659974,-0.8521017910164507,0.5233760958876104
-8.293803277977425,-8.763466909665599,0.9178779875342911,0.9178779875342911,-0.8599265030431544,0.5104178771986456
-8.394825513073892,-8.936863909627755,0.9178779875342911,0.9178779875342911,-0.8688208954956478,0.49512650055328344
-8.49257035951177,-9.112252510074281,0.9178779875342911,0.9178779875342911,-0.8789165844655527,0.4769755104315179
-8.586418768263155,-9.289910315103034,0.9178779875342911,0.9178779875342911,-0.8902786563228998,0.45541619876316664
-8.67565546064066,-9.470159756826686,0.9178779875342911,0.9178779875342911,-0.9028845986260409,0.4298830091593444
-8.759468928297391,-9.653368095372663,0.9178779875342911,0.9178779875342911,-0.9165479310072217,0.39992485564963476
-8.836995908381066,-9.839919854193074,0.9192388155425117,0.9192388155425117,-0.9297915271881277,0.3680865604299743
-8.908393121888087,-10.029552580978995,0.9013878188659974,0.9013878188659974,-0.9386993916278756,0.34473678677718195
-8.976662882684503,-10.220225376660801,0.9192388155425117,0.9192388155425117,-0.9381955544965386,0.34610562191754785
-9.047974707440204,-10.407919226192783,0.9340770846134703,0.9340770846134703,-0.9217430171194589,0.38780125114743624
-9.130948674840072,-10.586938612214736,0.894427190999916,0.894427190999916,-0.8804288471072308,0.47417828417319197
-9.232993935076742,-10.751453020796523,0.9219544457292888,0.9219544457292888,-0.8057778821870365,0.5922178691817517
-9.358337827432036,-10.89632669275512,0.8845903006477066,0.8845903006477066,-0.6948857532930384,0.719120149815291
-9.507977782245623,-11.017169894162464,0.890224690738243,0.890224690738243,-0.554546338447974,0.8321528456443235
-9.68013028377472,-11.110769062734452,0.894427190999916,0.894427190999916,-0.4003637758561897,0.9163562882319162
-9.870911075395174,-11.175738504969553,0.873212459828649,0.873212459828649,-0.2500887976094879,0.9682229047643113
-10.074440753282603,-11.21261816248082,0.9,0.9,-0.11449014214901894,0.9934243843145272
-10.283042073621386,-11.22323576527034,0.9055385138137417,0.9055385138137417,0.011507860506025647,0.9999337823809004
-10.488121017724728,-11.207857272448722,0.9486832980505139,0.9486832980505139,0.147803773757192,0.9890167058564445
-10.680588047815403,-11.163824437959168,0.9861541461658011,0.9861541461658011,0.3189743234850974,0.9477633570450086
-10.850992611008616,-11.085731089663422,1.0259142264341596,1.0259142264341596,0.5307398110074081,0.8475348093216117
-10.991590879853124,-10.969069505792325,1.0259142264341596,1.0259142264341596,0.7369361908630309,0.6759623144793551
-11.099154748421558,-10.815183965446327,1.0,1.0,0.8780516486242004,0.47856588088613655
-11.175344439238607,-10.63192654971649,0.982344135219425,0.982344135219425,0.9494672932549163,0.31386598898125734
-11.225842220056883,-10.43194521067292,0.9500000000000001,0.9500000000000001,0.9803309962121451,0.19736042629084252
-11.25703848424198,-10.226134942817879,0.9,0.9,0.9930210052809878,0.11793762364375648
-11.274657905258442,-10.020922847370466,0.9,0.9,0.9978662510878035,0.06529123172350679
-11.283720208786896,-9.818349827705593,0.9,0.9,0.9994176235800243,0.034123506233339984
-11.288415258365005,-9.617994113890004,0.9,0.9,0.9997871312130561,0.020632311086435255
-11.291956891581483,-9.419222002062908,0.9013878188659974,0.9013878188659974,0.9997888048152583,0.020551052675649762
-11.29656660229842,-9.22143912775621,0.9340770846134703,0.9340770846134703,0.999575515070724,0.029133995110471163
-11.303473540318924,-9.024090471012478,0.9,0.9,0.9991436944910368,0.041374844516948873
-11.312914511387117,-8.826660356384789,0.9,0.9,0.9986377777138568,0.052178433502066905
-11.324133977188149,-8.628672452936813,0.9,0.9,0.9983929674710901,0.05666994357038756
-11.335446662619653,-8.429696111932744,0.9,0.9,0.9986390240875113,0.05215457381230402
-11.344985090222533,-8.22942203921982,0.9,0.9,0.999204002117344,0.03989188078648208
-11.35149411294065,-8.0277427252187,0.8500000000000001,0.8500000000000001,0.9997289240451837,0.023282577766636482
-11.35440921163648,-7.82476037092565,0.8500000000000001,0.8500000000000001,0.9999831513625752,0.0058049109358394866
-11.353856495133927,-7.620786887916956,0.8500000000000001,0.8500000000000001,0.999957703407978,-0.009197358046871551
-11.350652700218319,-7.416343898348799,0.8500000000000001,0.8500000000000001,0.9998292917259869,-0.01847667195983818
-11.346305191634826,-7.212162734956664,0.9,0.9,0.9998207502393689,-0.018933235085045748
-11.342941917736209,-7.009155148430113,0.9,0.9,0.9999572315918749,-0.009248512697373165
-11.342568075070332,-6.808102443724202,0.9,0.9,0.9999638271836889,0.008505546669649096
-11.346342577442003,-6.609352898624057,0.9,0.9,0.9995436611366908,0.03020710978329711
-11.354514615062012,-6.4127952327111775,0.9,0.9,0.9986870832164132,0.05122606579362636
-11.36642365454712,-6.2178586073633,0.9,0.9,0.99777959998729,0.06660232615459838
-11.38049943892008,-6.0235126257544716,0.9,0.9,0.9974568098755114,0.07127350442463062
-11.394261988096217,-5.828267333603275,0.9,0.9,0.9981601467363328,0.06063267656390143
-11.404386553490319,-5.630273086684982,0.8500000000000001,0.8500000000000001,0.9994681219494163,0.03261093692163486
-11.40731359636515,-5.428258390704249,0.8500000000000001,0.8500000000000001,0.9999365042261366,-0.011268873768645389
-11.399789555505135,-5.222361329963656,0.9,0.9,0.9976552647551855,-0.0684395551290378
-11.378908594616524,-5.0141937538657055,0.9,0.9,0.9905033672956007,-0.13748846997503597
-11.34211260232738,-4.806841276912725,0.9500000000000001,0.9500000000000001,0.9758043713614528,-0.2186454409126334
-11.287191192187588,-4.604863278706908,1.0062305898749055,1.0062305898749055,0.9494197600631044,-0.3140097438005982
-11.212281705297693,-4.414292887761536,1.044030650891055,1.044030650891055,0.9041369940055888,-0.4272426664912317
-11.115908815649384,-4.242393082737929,1.0700467279516348,1.0700467279516348,0.8290035895260914,-0.5592432820811134
-10.997313451671852,-4.095631118188183,1.0816653826391969,1.0816653826391969,0.7140345072821955,-0.7001105072845802
-10.856717712138725,-3.9780471116926264,1.0307764064044151,1.0307764064044151,0.5607096191258502,-0.8280125138062492
-10.695342734232549,-3.8911440082238387,0.9500000000000001,0.9500000000000001,0.38908949723444153,-0.9211999582836777
-10.515408693544776,-3.833887580146702,0.9,0.9,0.22941628375028728,-0.973328397176517
-10.320134804075872,-3.80270642721841,0.8631338250816034,0.8631338250816034,0.10496522142155554,-0.9944758932683707
-10.113739274957231,-3.791492063326536,0.7648529270389178,0.7648529270389178,0.025835088266289455,-0.9996662184020589
-9.901298001985992,-3.79188212851553,0.75,0.75,-0.008926416049744241,-0.999960158754591
-9.687729421657888,-3.7952949560303577,0.75,0.75,-0.005908402520826362,-0.9999825452374915
-9.477066478881982,-3.7943887028677117,0.75,0.75,0.02924386723416193,-0.9995723066537961
-9.272415206321519,-3.7831443655298913,0.7566372975210779,0.7566372975210779,0.09314064928082143,-0.9956529613532754
-9.075954724393998,-3.7568657800247953,0.8077747210701756,0.8077747210701756,0.18196605878843017,-0.9833048120745701
-8.888937241271238,-3.7121796218659346,0.8276472678623424,0.8276472678623424,0.28867462884847694,-0.9574272602444501
-8.711688073396294,-3.6470354622084926,0.8062257748298549,0.8062257748298549,0.401549309257972,-0.9158374049111805
-8.543633093617048,-3.5607808678612325,0.8845903006477066,0.8845903006477066,0.5057085325157864,-0.8627043990502945
-8.383473426045157,-3.4546393786312564,0.9192388155425117,0.9192388155425117,0.5884295831312049,-0.8085484683654014
-8.2292988770366,-3.3320208624156247,0.9192388155425117,0.9192388155425117,0.6432957625489736,-0.7656177648713062
-8.078611279167424,-3.198484759124754,0.9013878188659974,0.9013878188659974,0.6705561483582514,-0.7418587816417265
-7.928786843453887,-3.0603920878278394,0.9192388155425117,0.9192388155425117,0.67616091127129,-0.7367539766223041
-7.777899626403738,-2.9225046197371576,0.9178779875342911,0.9178779875342911,0.6680634400789461,-0.7441043206633625
-7.624875002776019,-2.7875373494183386,0.8845903006477066,0.8845903006477066,0.6532130729385173,-0.7571741420190069
-7.469403508720363,-2.6563654506363443,0.9013878188659974,0.9013878188659974,0.6361131096466142,-0.7715958214866865
-7.3114680494823245,-2.5291607925567448,0.8746427842267951,0.8746427842267951,0.61813923397994,-0.7860686276748952
-7.151073821508856,-2.4060411633180405,0.8845903006477066,0.8845903006477066,0.59943238937123,-0.8004253935081633
-6.98823760421745,-2.2870960108867786,0.8746427842267951,0.8746427842267951,0.5800992354356896,-0.8145458102813667
-6.822987759996164,-2.1723864430575848,0.8746427842267951,0.8746427842267951,0.5602611206456605,-0.8283160487959103
-6.655364234203538,-2.0619452274530956,0.8746427842267951,0.8746427842267951,0.5400532896718897,-0.8416308242421793
-6.485418555168639,-1.955776791523992,0.9013878188659974,0.9013878188659974,0.5196235766044007,-0.8543953058373217
-6.313213834191105,-1.8538572225490304,0.894427190999916,0.894427190999916,0.49913065486305036,-0.8665267389850024
-6.138824765541062,-1.7561342676349827,0.9178779875342911,0.9178779875342911,0.47874194869742476,-0.877955663207085
-5.962337626459166,-1.6625273337166724,0.894427190999916,0.894427190999916,0.458631337692209,-0.8886266348060107
-5.783850277156592,-1.5729274875569614,0.894427190999916,0.894427190999916,0.4389768011902006,-0.8984983962238436
-5.603472160815088,-1.4871974557467817,0.873212459828649,0.873212459828649,0.4199581520709897,-0.9075434703137473
-5.421324303586886,-1.4051716247050836,0.9178779875342911,0.9178779875342911,0.40175494302161113,-0.9157472171716942
-5.23753930409771,-1.3266560626161688,0.9178779875342911,0.9178779875342911,0.3845308566469974,-0.9231121385218192
-5.05225872869603,-1.2514339629959121,0.9192388155425117,0.9192388155425117,0.3683692754005059,-0.929679556051926
-4.865621410699194,-1.1792900976362508,0.9178779875342911,0.9178779875342911,0.3532547044053185,-0.9355271849687272
-4.67775782774206,-1.1100225671630457,0.9340770846134703,0.9340770846134703,0.33913408675602247,-0.9407380460043905
-4.48878993755912,-1.0434431442286822,0.9178779875342911,0.9178779875342911,0.32594816488446626,-0.9453876420857472
-4.298831177984392,-0.9793772735120333,0.9340770846134703,0.9340770846134703,0.31363362521088567,-0.9495440743520428
-4.107986466951493,-0.9176640717184816,0.9219544457292888,0.9219544457292888,0.3021241129804685,-0.953268598221805
-3.916352202493595,-0.858156327579911,0.9340770846134703,0.9340770846134703,0.29135103083703323,-0.9566162118792458
-3.7240162627435143,-0.8007205018547273,0.9340770846134703,0.9340770846134703,0.2812441563995226,-0.9596362459240068
-3.531058005933584,-0.7452367273278242,0.8860022573334675,0.8860022573334675,0.27173211162955213,-0.9623729316171277
-3.337548270395722,-0.6915988088106021,0.873212459828649,0.873212459828649,0.2627427135604707,-0.9648659318635312
-3.143549374561481,-0.6397142231409824,0.873212459828649,0.873212459828649,0.2542032324944918,-0.9671508241165653
-2.949115116961935,-0.5895041191833751,0.873212459828649,0.873212459828649,0.24604058038447948,-0.969259528095581
-2.7542907762277404,-0.5409033178286974,0.8558621384311845,0.8558621384311845,0.2381814892047411,-0.971220664010096
-2.55911311969974,-0.4938602969883323,0.8544003745317531,0.8544003745317531,0.2305575586944709,-0.9730586889437068
-2.3636114621876563,-0.44833534644015627,0.8544003745317531,0.8544003745317531,0.22312320387825396,-0.9747902522548649
-2.1678115035241943,-0.40429387992387533,0.9013878188659974,0.9013878188659974,0.21585779406595273,-0.9764248116168396
-1.9717368405957352,-0.36170380004674496,0.8860022573334675,0.8860022573334675,0.20874788271959588,-0.9779694890230911
-1.775408997088395,-0.320535446443338,0.8860022573334675,0.8860022573334675,0.2017801637542442,-0.9794308375354078
-1.5788474234881025,-0.28076159577556126,0.873212459828649,0.873212459828649,0.19494134803363766,-0.9808149014094495
-1.3820694970805605,-0.24235746173264863,0.8631338250816034,0.8631338250816034,0.1882181771857171,-0.9821272411336965
-1.1850905219513257,-0.20530069503117487,0.9055385138137417,0.9055385138137417,0.1815974362906634,-0.9833729562748095
-0.9879237289856906,-0.16957138341503378,0.9013878188659974,0.9013878188659974,0.17506596583494588,-0.9845567061405237
-0.7905802758687391,-0.13515205165544972,0.8860022573334675,0.8860022573334675,0.16861067329283694,-0.9856827282912775
-0.5930692470854089,-0.10202766155098715,0.9219544457292888,0.9219544457292888,0.16221854466735927,-0.9867548549492948
-0.395397653920374,-0.07018561192753066,0.912414379544733,0.912414379544733,0.15587665629541592,-0.9877765273695062
-0.19757043445809971,-0.039615738638295164,0.9013878188659974,0.9013878188659974,0.15271555859185793,-0.9882701847996714
